0	ind_0002_00062	optimization_a7/patent_dist_optimization/gen_0002/af3_jobs/inputs/ind_0002_00062.json	optimization_a7/patent_dist_optimization/gen_0002/af3_output/ind_0002_00062
1	ind_0002_00005	optimization_a7/patent_dist_optimization/gen_0002/af3_jobs/inputs/ind_0002_00005.json	optimization_a7/patent_dist_optimization/gen_0002/af3_output/ind_0002_00005
2	ind_0002_00043	optimization_a7/patent_dist_optimization/gen_0002/af3_jobs/inputs/ind_0002_00043.json	optimization_a7/patent_dist_optimization/gen_0002/af3_output/ind_0002_00043
3	ind_0002_00094	optimization_a7/patent_dist_optimization/gen_0002/af3_jobs/inputs/ind_0002_00094.json	optimization_a7/patent_dist_optimization/gen_0002/af3_output/ind_0002_00094
4	ind_0002_00104	optimization_a7/patent_dist_optimization/gen_0002/af3_jobs/inputs/ind_0002_00104.json	optimization_a7/patent_dist_optimization/gen_0002/af3_output/ind_0002_00104
5	ind_0002_00113	optimization_a7/patent_dist_optimization/gen_0002/af3_jobs/inputs/ind_0002_00113.json	optimization_a7/patent_dist_optimization/gen_0002/af3_output/ind_0002_00113
6	ind_0002_00127	optimization_a7/patent_dist_optimization/gen_0002/af3_jobs/inputs/ind_0002_00127.json	optimization_a7/patent_dist_optimization/gen_0002/af3_output/ind_0002_00127
7	ind_0002_00178	optimization_a7/patent_dist_optimization/gen_0002/af3_jobs/inputs/ind_0002_00178.json	optimization_a7/patent_dist_optimization/gen_0002/af3_output/ind_0002_00178
8	ind_0002_00180	optimization_a7/patent_dist_optimization/gen_0002/af3_jobs/inputs/ind_0002_00180.json	optimization_a7/patent_dist_optimization/gen_0002/af3_output/ind_0002_00180
9	ind_0002_00190	optimization_a7/patent_dist_optimization/gen_0002/af3_jobs/inputs/ind_0002_00190.json	optimization_a7/patent_dist_optimization/gen_0002/af3_output/ind_0002_00190
10	ind_0002_00212	optimization_a7/patent_dist_optimization/gen_0002/af3_jobs/inputs/ind_0002_00212.json	optimization_a7/patent_dist_optimization/gen_0002/af3_output/ind_0002_00212
11	ind_0002_00225	optimization_a7/patent_dist_optimization/gen_0002/af3_jobs/inputs/ind_0002_00225.json	optimization_a7/patent_dist_optimization/gen_0002/af3_output/ind_0002_00225
12	ind_0002_00308	optimization_a7/patent_dist_optimization/gen_0002/af3_jobs/inputs/ind_0002_00308.json	optimization_a7/patent_dist_optimization/gen_0002/af3_output/ind_0002_00308
13	ind_0002_00325	optimization_a7/patent_dist_optimization/gen_0002/af3_jobs/inputs/ind_0002_00325.json	optimization_a7/patent_dist_optimization/gen_0002/af3_output/ind_0002_00325
14	ind_0002_00344	optimization_a7/patent_dist_optimization/gen_0002/af3_jobs/inputs/ind_0002_00344.json	optimization_a7/patent_dist_optimization/gen_0002/af3_output/ind_0002_00344
15	ind_0002_00405	optimization_a7/patent_dist_optimization/gen_0002/af3_jobs/inputs/ind_0002_00405.json	optimization_a7/patent_dist_optimization/gen_0002/af3_output/ind_0002_00405
16	ind_0002_00414	optimization_a7/patent_dist_optimization/gen_0002/af3_jobs/inputs/ind_0002_00414.json	optimization_a7/patent_dist_optimization/gen_0002/af3_output/ind_0002_00414
17	ind_0002_00441	optimization_a7/patent_dist_optimization/gen_0002/af3_jobs/inputs/ind_0002_00441.json	optimization_a7/patent_dist_optimization/gen_0002/af3_output/ind_0002_00441
18	ind_0002_00447	optimization_a7/patent_dist_optimization/gen_0002/af3_jobs/inputs/ind_0002_00447.json	optimization_a7/patent_dist_optimization/gen_0002/af3_output/ind_0002_00447
19	ind_0002_00499	optimization_a7/patent_dist_optimization/gen_0002/af3_jobs/inputs/ind_0002_00499.json	optimization_a7/patent_dist_optimization/gen_0002/af3_output/ind_0002_00499
20	ind_0002_00508	optimization_a7/patent_dist_optimization/gen_0002/af3_jobs/inputs/ind_0002_00508.json	optimization_a7/patent_dist_optimization/gen_0002/af3_output/ind_0002_00508
21	ind_0002_00636	optimization_a7/patent_dist_optimization/gen_0002/af3_jobs/inputs/ind_0002_00636.json	optimization_a7/patent_dist_optimization/gen_0002/af3_output/ind_0002_00636
22	ind_0002_00735	optimization_a7/patent_dist_optimization/gen_0002/af3_jobs/inputs/ind_0002_00735.json	optimization_a7/patent_dist_optimization/gen_0002/af3_output/ind_0002_00735
23	ind_0002_00781	optimization_a7/patent_dist_optimization/gen_0002/af3_jobs/inputs/ind_0002_00781.json	optimization_a7/patent_dist_optimization/gen_0002/af3_output/ind_0002_00781
24	ind_0002_00833	optimization_a7/patent_dist_optimization/gen_0002/af3_jobs/inputs/ind_0002_00833.json	optimization_a7/patent_dist_optimization/gen_0002/af3_output/ind_0002_00833
25	ind_0002_00835	optimization_a7/patent_dist_optimization/gen_0002/af3_jobs/inputs/ind_0002_00835.json	optimization_a7/patent_dist_optimization/gen_0002/af3_output/ind_0002_00835
26	ind_0002_00910	optimization_a7/patent_dist_optimization/gen_0002/af3_jobs/inputs/ind_0002_00910.json	optimization_a7/patent_dist_optimization/gen_0002/af3_output/ind_0002_00910
27	ind_0002_00923	optimization_a7/patent_dist_optimization/gen_0002/af3_jobs/inputs/ind_0002_00923.json	optimization_a7/patent_dist_optimization/gen_0002/af3_output/ind_0002_00923
28	ind_0002_00263	optimization_a7/patent_dist_optimization/gen_0002/af3_jobs/inputs/ind_0002_00263.json	optimization_a7/patent_dist_optimization/gen_0002/af3_output/ind_0002_00263
29	ind_0002_00717	optimization_a7/patent_dist_optimization/gen_0002/af3_jobs/inputs/ind_0002_00717.json	optimization_a7/patent_dist_optimization/gen_0002/af3_output/ind_0002_00717
30	ind_0002_00342	optimization_a7/patent_dist_optimization/gen_0002/af3_jobs/inputs/ind_0002_00342.json	optimization_a7/patent_dist_optimization/gen_0002/af3_output/ind_0002_00342
31	ind_0002_00811	optimization_a7/patent_dist_optimization/gen_0002/af3_jobs/inputs/ind_0002_00811.json	optimization_a7/patent_dist_optimization/gen_0002/af3_output/ind_0002_00811
32	ind_0002_00119	optimization_a7/patent_dist_optimization/gen_0002/af3_jobs/inputs/ind_0002_00119.json	optimization_a7/patent_dist_optimization/gen_0002/af3_output/ind_0002_00119
33	ind_0002_00463	optimization_a7/patent_dist_optimization/gen_0002/af3_jobs/inputs/ind_0002_00463.json	optimization_a7/patent_dist_optimization/gen_0002/af3_output/ind_0002_00463
34	ind_0002_00165	optimization_a7/patent_dist_optimization/gen_0002/af3_jobs/inputs/ind_0002_00165.json	optimization_a7/patent_dist_optimization/gen_0002/af3_output/ind_0002_00165
35	ind_0002_00056	optimization_a7/patent_dist_optimization/gen_0002/af3_jobs/inputs/ind_0002_00056.json	optimization_a7/patent_dist_optimization/gen_0002/af3_output/ind_0002_00056
36	ind_0002_00924	optimization_a7/patent_dist_optimization/gen_0002/af3_jobs/inputs/ind_0002_00924.json	optimization_a7/patent_dist_optimization/gen_0002/af3_output/ind_0002_00924
37	ind_0002_00014	optimization_a7/patent_dist_optimization/gen_0002/af3_jobs/inputs/ind_0002_00014.json	optimization_a7/patent_dist_optimization/gen_0002/af3_output/ind_0002_00014
38	ind_0002_00023	optimization_a7/patent_dist_optimization/gen_0002/af3_jobs/inputs/ind_0002_00023.json	optimization_a7/patent_dist_optimization/gen_0002/af3_output/ind_0002_00023
39	ind_0002_00031	optimization_a7/patent_dist_optimization/gen_0002/af3_jobs/inputs/ind_0002_00031.json	optimization_a7/patent_dist_optimization/gen_0002/af3_output/ind_0002_00031
40	ind_0002_00032	optimization_a7/patent_dist_optimization/gen_0002/af3_jobs/inputs/ind_0002_00032.json	optimization_a7/patent_dist_optimization/gen_0002/af3_output/ind_0002_00032
41	ind_0002_00033	optimization_a7/patent_dist_optimization/gen_0002/af3_jobs/inputs/ind_0002_00033.json	optimization_a7/patent_dist_optimization/gen_0002/af3_output/ind_0002_00033
42	ind_0002_00053	optimization_a7/patent_dist_optimization/gen_0002/af3_jobs/inputs/ind_0002_00053.json	optimization_a7/patent_dist_optimization/gen_0002/af3_output/ind_0002_00053
43	ind_0002_00070	optimization_a7/patent_dist_optimization/gen_0002/af3_jobs/inputs/ind_0002_00070.json	optimization_a7/patent_dist_optimization/gen_0002/af3_output/ind_0002_00070
44	ind_0002_00073	optimization_a7/patent_dist_optimization/gen_0002/af3_jobs/inputs/ind_0002_00073.json	optimization_a7/patent_dist_optimization/gen_0002/af3_output/ind_0002_00073
45	ind_0002_00075	optimization_a7/patent_dist_optimization/gen_0002/af3_jobs/inputs/ind_0002_00075.json	optimization_a7/patent_dist_optimization/gen_0002/af3_output/ind_0002_00075
46	ind_0002_00102	optimization_a7/patent_dist_optimization/gen_0002/af3_jobs/inputs/ind_0002_00102.json	optimization_a7/patent_dist_optimization/gen_0002/af3_output/ind_0002_00102
47	ind_0002_00106	optimization_a7/patent_dist_optimization/gen_0002/af3_jobs/inputs/ind_0002_00106.json	optimization_a7/patent_dist_optimization/gen_0002/af3_output/ind_0002_00106
48	ind_0002_00132	optimization_a7/patent_dist_optimization/gen_0002/af3_jobs/inputs/ind_0002_00132.json	optimization_a7/patent_dist_optimization/gen_0002/af3_output/ind_0002_00132
49	ind_0002_00195	optimization_a7/patent_dist_optimization/gen_0002/af3_jobs/inputs/ind_0002_00195.json	optimization_a7/patent_dist_optimization/gen_0002/af3_output/ind_0002_00195
50	ind_0002_00204	optimization_a7/patent_dist_optimization/gen_0002/af3_jobs/inputs/ind_0002_00204.json	optimization_a7/patent_dist_optimization/gen_0002/af3_output/ind_0002_00204
51	ind_0002_00215	optimization_a7/patent_dist_optimization/gen_0002/af3_jobs/inputs/ind_0002_00215.json	optimization_a7/patent_dist_optimization/gen_0002/af3_output/ind_0002_00215
52	ind_0002_00224	optimization_a7/patent_dist_optimization/gen_0002/af3_jobs/inputs/ind_0002_00224.json	optimization_a7/patent_dist_optimization/gen_0002/af3_output/ind_0002_00224
53	ind_0002_00239	optimization_a7/patent_dist_optimization/gen_0002/af3_jobs/inputs/ind_0002_00239.json	optimization_a7/patent_dist_optimization/gen_0002/af3_output/ind_0002_00239
54	ind_0002_00260	optimization_a7/patent_dist_optimization/gen_0002/af3_jobs/inputs/ind_0002_00260.json	optimization_a7/patent_dist_optimization/gen_0002/af3_output/ind_0002_00260
55	ind_0002_00309	optimization_a7/patent_dist_optimization/gen_0002/af3_jobs/inputs/ind_0002_00309.json	optimization_a7/patent_dist_optimization/gen_0002/af3_output/ind_0002_00309
56	ind_0002_00326	optimization_a7/patent_dist_optimization/gen_0002/af3_jobs/inputs/ind_0002_00326.json	optimization_a7/patent_dist_optimization/gen_0002/af3_output/ind_0002_00326
57	ind_0002_00340	optimization_a7/patent_dist_optimization/gen_0002/af3_jobs/inputs/ind_0002_00340.json	optimization_a7/patent_dist_optimization/gen_0002/af3_output/ind_0002_00340
58	ind_0002_00406	optimization_a7/patent_dist_optimization/gen_0002/af3_jobs/inputs/ind_0002_00406.json	optimization_a7/patent_dist_optimization/gen_0002/af3_output/ind_0002_00406
59	ind_0002_00426	optimization_a7/patent_dist_optimization/gen_0002/af3_jobs/inputs/ind_0002_00426.json	optimization_a7/patent_dist_optimization/gen_0002/af3_output/ind_0002_00426
60	ind_0002_00444	optimization_a7/patent_dist_optimization/gen_0002/af3_jobs/inputs/ind_0002_00444.json	optimization_a7/patent_dist_optimization/gen_0002/af3_output/ind_0002_00444
61	ind_0002_00472	optimization_a7/patent_dist_optimization/gen_0002/af3_jobs/inputs/ind_0002_00472.json	optimization_a7/patent_dist_optimization/gen_0002/af3_output/ind_0002_00472
62	ind_0002_00478	optimization_a7/patent_dist_optimization/gen_0002/af3_jobs/inputs/ind_0002_00478.json	optimization_a7/patent_dist_optimization/gen_0002/af3_output/ind_0002_00478
63	ind_0002_00513	optimization_a7/patent_dist_optimization/gen_0002/af3_jobs/inputs/ind_0002_00513.json	optimization_a7/patent_dist_optimization/gen_0002/af3_output/ind_0002_00513
64	ind_0002_00544	optimization_a7/patent_dist_optimization/gen_0002/af3_jobs/inputs/ind_0002_00544.json	optimization_a7/patent_dist_optimization/gen_0002/af3_output/ind_0002_00544
65	ind_0002_00547	optimization_a7/patent_dist_optimization/gen_0002/af3_jobs/inputs/ind_0002_00547.json	optimization_a7/patent_dist_optimization/gen_0002/af3_output/ind_0002_00547
66	ind_0002_00569	optimization_a7/patent_dist_optimization/gen_0002/af3_jobs/inputs/ind_0002_00569.json	optimization_a7/patent_dist_optimization/gen_0002/af3_output/ind_0002_00569
67	ind_0002_00594	optimization_a7/patent_dist_optimization/gen_0002/af3_jobs/inputs/ind_0002_00594.json	optimization_a7/patent_dist_optimization/gen_0002/af3_output/ind_0002_00594
68	ind_0002_00595	optimization_a7/patent_dist_optimization/gen_0002/af3_jobs/inputs/ind_0002_00595.json	optimization_a7/patent_dist_optimization/gen_0002/af3_output/ind_0002_00595
69	ind_0002_00597	optimization_a7/patent_dist_optimization/gen_0002/af3_jobs/inputs/ind_0002_00597.json	optimization_a7/patent_dist_optimization/gen_0002/af3_output/ind_0002_00597
70	ind_0002_00612	optimization_a7/patent_dist_optimization/gen_0002/af3_jobs/inputs/ind_0002_00612.json	optimization_a7/patent_dist_optimization/gen_0002/af3_output/ind_0002_00612
71	ind_0002_00645	optimization_a7/patent_dist_optimization/gen_0002/af3_jobs/inputs/ind_0002_00645.json	optimization_a7/patent_dist_optimization/gen_0002/af3_output/ind_0002_00645
72	ind_0002_00662	optimization_a7/patent_dist_optimization/gen_0002/af3_jobs/inputs/ind_0002_00662.json	optimization_a7/patent_dist_optimization/gen_0002/af3_output/ind_0002_00662
73	ind_0002_00683	optimization_a7/patent_dist_optimization/gen_0002/af3_jobs/inputs/ind_0002_00683.json	optimization_a7/patent_dist_optimization/gen_0002/af3_output/ind_0002_00683
74	ind_0002_00692	optimization_a7/patent_dist_optimization/gen_0002/af3_jobs/inputs/ind_0002_00692.json	optimization_a7/patent_dist_optimization/gen_0002/af3_output/ind_0002_00692
75	ind_0002_00703	optimization_a7/patent_dist_optimization/gen_0002/af3_jobs/inputs/ind_0002_00703.json	optimization_a7/patent_dist_optimization/gen_0002/af3_output/ind_0002_00703
76	ind_0002_00730	optimization_a7/patent_dist_optimization/gen_0002/af3_jobs/inputs/ind_0002_00730.json	optimization_a7/patent_dist_optimization/gen_0002/af3_output/ind_0002_00730
77	ind_0002_00746	optimization_a7/patent_dist_optimization/gen_0002/af3_jobs/inputs/ind_0002_00746.json	optimization_a7/patent_dist_optimization/gen_0002/af3_output/ind_0002_00746
78	ind_0002_00794	optimization_a7/patent_dist_optimization/gen_0002/af3_jobs/inputs/ind_0002_00794.json	optimization_a7/patent_dist_optimization/gen_0002/af3_output/ind_0002_00794
79	ind_0002_00818	optimization_a7/patent_dist_optimization/gen_0002/af3_jobs/inputs/ind_0002_00818.json	optimization_a7/patent_dist_optimization/gen_0002/af3_output/ind_0002_00818
80	ind_0002_00841	optimization_a7/patent_dist_optimization/gen_0002/af3_jobs/inputs/ind_0002_00841.json	optimization_a7/patent_dist_optimization/gen_0002/af3_output/ind_0002_00841
81	ind_0002_00843	optimization_a7/patent_dist_optimization/gen_0002/af3_jobs/inputs/ind_0002_00843.json	optimization_a7/patent_dist_optimization/gen_0002/af3_output/ind_0002_00843
82	ind_0002_00849	optimization_a7/patent_dist_optimization/gen_0002/af3_jobs/inputs/ind_0002_00849.json	optimization_a7/patent_dist_optimization/gen_0002/af3_output/ind_0002_00849
83	ind_0002_00887	optimization_a7/patent_dist_optimization/gen_0002/af3_jobs/inputs/ind_0002_00887.json	optimization_a7/patent_dist_optimization/gen_0002/af3_output/ind_0002_00887
84	ind_0002_00911	optimization_a7/patent_dist_optimization/gen_0002/af3_jobs/inputs/ind_0002_00911.json	optimization_a7/patent_dist_optimization/gen_0002/af3_output/ind_0002_00911
85	ind_0002_00941	optimization_a7/patent_dist_optimization/gen_0002/af3_jobs/inputs/ind_0002_00941.json	optimization_a7/patent_dist_optimization/gen_0002/af3_output/ind_0002_00941
86	ind_0002_00954	optimization_a7/patent_dist_optimization/gen_0002/af3_jobs/inputs/ind_0002_00954.json	optimization_a7/patent_dist_optimization/gen_0002/af3_output/ind_0002_00954
87	ind_0002_00960	optimization_a7/patent_dist_optimization/gen_0002/af3_jobs/inputs/ind_0002_00960.json	optimization_a7/patent_dist_optimization/gen_0002/af3_output/ind_0002_00960
88	ind_0002_00978	optimization_a7/patent_dist_optimization/gen_0002/af3_jobs/inputs/ind_0002_00978.json	optimization_a7/patent_dist_optimization/gen_0002/af3_output/ind_0002_00978
89	ind_0002_00435	optimization_a7/patent_dist_optimization/gen_0002/af3_jobs/inputs/ind_0002_00435.json	optimization_a7/patent_dist_optimization/gen_0002/af3_output/ind_0002_00435
90	ind_0002_00399	optimization_a7/patent_dist_optimization/gen_0002/af3_jobs/inputs/ind_0002_00399.json	optimization_a7/patent_dist_optimization/gen_0002/af3_output/ind_0002_00399
91	ind_0002_00837	optimization_a7/patent_dist_optimization/gen_0002/af3_jobs/inputs/ind_0002_00837.json	optimization_a7/patent_dist_optimization/gen_0002/af3_output/ind_0002_00837
92	ind_0002_00449	optimization_a7/patent_dist_optimization/gen_0002/af3_jobs/inputs/ind_0002_00449.json	optimization_a7/patent_dist_optimization/gen_0002/af3_output/ind_0002_00449
93	ind_0002_00750	optimization_a7/patent_dist_optimization/gen_0002/af3_jobs/inputs/ind_0002_00750.json	optimization_a7/patent_dist_optimization/gen_0002/af3_output/ind_0002_00750
94	ind_0002_00578	optimization_a7/patent_dist_optimization/gen_0002/af3_jobs/inputs/ind_0002_00578.json	optimization_a7/patent_dist_optimization/gen_0002/af3_output/ind_0002_00578
95	ind_0002_00621	optimization_a7/patent_dist_optimization/gen_0002/af3_jobs/inputs/ind_0002_00621.json	optimization_a7/patent_dist_optimization/gen_0002/af3_output/ind_0002_00621
96	ind_0002_00027	optimization_a7/patent_dist_optimization/gen_0002/af3_jobs/inputs/ind_0002_00027.json	optimization_a7/patent_dist_optimization/gen_0002/af3_output/ind_0002_00027
97	ind_0002_00436	optimization_a7/patent_dist_optimization/gen_0002/af3_jobs/inputs/ind_0002_00436.json	optimization_a7/patent_dist_optimization/gen_0002/af3_output/ind_0002_00436
98	ind_0002_00247	optimization_a7/patent_dist_optimization/gen_0002/af3_jobs/inputs/ind_0002_00247.json	optimization_a7/patent_dist_optimization/gen_0002/af3_output/ind_0002_00247
99	ind_0002_00667	optimization_a7/patent_dist_optimization/gen_0002/af3_jobs/inputs/ind_0002_00667.json	optimization_a7/patent_dist_optimization/gen_0002/af3_output/ind_0002_00667
