0	ind_0037_00346	optimization_a7/absolute_optimization/gen_0037/af3_jobs/inputs/ind_0037_00346.json	optimization_a7/absolute_optimization/gen_0037/af3_output/ind_0037_00346
1	ind_0037_00700	optimization_a7/absolute_optimization/gen_0037/af3_jobs/inputs/ind_0037_00700.json	optimization_a7/absolute_optimization/gen_0037/af3_output/ind_0037_00700
2	ind_0037_00005	optimization_a7/absolute_optimization/gen_0037/af3_jobs/inputs/ind_0037_00005.json	optimization_a7/absolute_optimization/gen_0037/af3_output/ind_0037_00005
3	ind_0037_00008	optimization_a7/absolute_optimization/gen_0037/af3_jobs/inputs/ind_0037_00008.json	optimization_a7/absolute_optimization/gen_0037/af3_output/ind_0037_00008
4	ind_0037_00009	optimization_a7/absolute_optimization/gen_0037/af3_jobs/inputs/ind_0037_00009.json	optimization_a7/absolute_optimization/gen_0037/af3_output/ind_0037_00009
5	ind_0037_00011	optimization_a7/absolute_optimization/gen_0037/af3_jobs/inputs/ind_0037_00011.json	optimization_a7/absolute_optimization/gen_0037/af3_output/ind_0037_00011
6	ind_0037_00013	optimization_a7/absolute_optimization/gen_0037/af3_jobs/inputs/ind_0037_00013.json	optimization_a7/absolute_optimization/gen_0037/af3_output/ind_0037_00013
7	ind_0037_00018	optimization_a7/absolute_optimization/gen_0037/af3_jobs/inputs/ind_0037_00018.json	optimization_a7/absolute_optimization/gen_0037/af3_output/ind_0037_00018
8	ind_0037_00021	optimization_a7/absolute_optimization/gen_0037/af3_jobs/inputs/ind_0037_00021.json	optimization_a7/absolute_optimization/gen_0037/af3_output/ind_0037_00021
9	ind_0037_00022	optimization_a7/absolute_optimization/gen_0037/af3_jobs/inputs/ind_0037_00022.json	optimization_a7/absolute_optimization/gen_0037/af3_output/ind_0037_00022
10	ind_0037_00023	optimization_a7/absolute_optimization/gen_0037/af3_jobs/inputs/ind_0037_00023.json	optimization_a7/absolute_optimization/gen_0037/af3_output/ind_0037_00023
11	ind_0037_00027	optimization_a7/absolute_optimization/gen_0037/af3_jobs/inputs/ind_0037_00027.json	optimization_a7/absolute_optimization/gen_0037/af3_output/ind_0037_00027
12	ind_0037_00029	optimization_a7/absolute_optimization/gen_0037/af3_jobs/inputs/ind_0037_00029.json	optimization_a7/absolute_optimization/gen_0037/af3_output/ind_0037_00029
13	ind_0037_00032	optimization_a7/absolute_optimization/gen_0037/af3_jobs/inputs/ind_0037_00032.json	optimization_a7/absolute_optimization/gen_0037/af3_output/ind_0037_00032
14	ind_0037_00036	optimization_a7/absolute_optimization/gen_0037/af3_jobs/inputs/ind_0037_00036.json	optimization_a7/absolute_optimization/gen_0037/af3_output/ind_0037_00036
15	ind_0037_00039	optimization_a7/absolute_optimization/gen_0037/af3_jobs/inputs/ind_0037_00039.json	optimization_a7/absolute_optimization/gen_0037/af3_output/ind_0037_00039
16	ind_0037_00040	optimization_a7/absolute_optimization/gen_0037/af3_jobs/inputs/ind_0037_00040.json	optimization_a7/absolute_optimization/gen_0037/af3_output/ind_0037_00040
17	ind_0037_00048	optimization_a7/absolute_optimization/gen_0037/af3_jobs/inputs/ind_0037_00048.json	optimization_a7/absolute_optimization/gen_0037/af3_output/ind_0037_00048
18	ind_0037_00049	optimization_a7/absolute_optimization/gen_0037/af3_jobs/inputs/ind_0037_00049.json	optimization_a7/absolute_optimization/gen_0037/af3_output/ind_0037_00049
19	ind_0037_00054	optimization_a7/absolute_optimization/gen_0037/af3_jobs/inputs/ind_0037_00054.json	optimization_a7/absolute_optimization/gen_0037/af3_output/ind_0037_00054
20	ind_0037_00056	optimization_a7/absolute_optimization/gen_0037/af3_jobs/inputs/ind_0037_00056.json	optimization_a7/absolute_optimization/gen_0037/af3_output/ind_0037_00056
21	ind_0037_00060	optimization_a7/absolute_optimization/gen_0037/af3_jobs/inputs/ind_0037_00060.json	optimization_a7/absolute_optimization/gen_0037/af3_output/ind_0037_00060
22	ind_0037_00061	optimization_a7/absolute_optimization/gen_0037/af3_jobs/inputs/ind_0037_00061.json	optimization_a7/absolute_optimization/gen_0037/af3_output/ind_0037_00061
23	ind_0037_00062	optimization_a7/absolute_optimization/gen_0037/af3_jobs/inputs/ind_0037_00062.json	optimization_a7/absolute_optimization/gen_0037/af3_output/ind_0037_00062
24	ind_0037_00064	optimization_a7/absolute_optimization/gen_0037/af3_jobs/inputs/ind_0037_00064.json	optimization_a7/absolute_optimization/gen_0037/af3_output/ind_0037_00064
25	ind_0037_00066	optimization_a7/absolute_optimization/gen_0037/af3_jobs/inputs/ind_0037_00066.json	optimization_a7/absolute_optimization/gen_0037/af3_output/ind_0037_00066
26	ind_0037_00067	optimization_a7/absolute_optimization/gen_0037/af3_jobs/inputs/ind_0037_00067.json	optimization_a7/absolute_optimization/gen_0037/af3_output/ind_0037_00067
27	ind_0037_00076	optimization_a7/absolute_optimization/gen_0037/af3_jobs/inputs/ind_0037_00076.json	optimization_a7/absolute_optimization/gen_0037/af3_output/ind_0037_00076
28	ind_0037_00082	optimization_a7/absolute_optimization/gen_0037/af3_jobs/inputs/ind_0037_00082.json	optimization_a7/absolute_optimization/gen_0037/af3_output/ind_0037_00082
29	ind_0037_00083	optimization_a7/absolute_optimization/gen_0037/af3_jobs/inputs/ind_0037_00083.json	optimization_a7/absolute_optimization/gen_0037/af3_output/ind_0037_00083
30	ind_0037_00089	optimization_a7/absolute_optimization/gen_0037/af3_jobs/inputs/ind_0037_00089.json	optimization_a7/absolute_optimization/gen_0037/af3_output/ind_0037_00089
31	ind_0037_00095	optimization_a7/absolute_optimization/gen_0037/af3_jobs/inputs/ind_0037_00095.json	optimization_a7/absolute_optimization/gen_0037/af3_output/ind_0037_00095
32	ind_0037_00097	optimization_a7/absolute_optimization/gen_0037/af3_jobs/inputs/ind_0037_00097.json	optimization_a7/absolute_optimization/gen_0037/af3_output/ind_0037_00097
33	ind_0037_00098	optimization_a7/absolute_optimization/gen_0037/af3_jobs/inputs/ind_0037_00098.json	optimization_a7/absolute_optimization/gen_0037/af3_output/ind_0037_00098
34	ind_0037_00099	optimization_a7/absolute_optimization/gen_0037/af3_jobs/inputs/ind_0037_00099.json	optimization_a7/absolute_optimization/gen_0037/af3_output/ind_0037_00099
35	ind_0037_00106	optimization_a7/absolute_optimization/gen_0037/af3_jobs/inputs/ind_0037_00106.json	optimization_a7/absolute_optimization/gen_0037/af3_output/ind_0037_00106
36	ind_0037_00113	optimization_a7/absolute_optimization/gen_0037/af3_jobs/inputs/ind_0037_00113.json	optimization_a7/absolute_optimization/gen_0037/af3_output/ind_0037_00113
37	ind_0037_00114	optimization_a7/absolute_optimization/gen_0037/af3_jobs/inputs/ind_0037_00114.json	optimization_a7/absolute_optimization/gen_0037/af3_output/ind_0037_00114
38	ind_0037_00115	optimization_a7/absolute_optimization/gen_0037/af3_jobs/inputs/ind_0037_00115.json	optimization_a7/absolute_optimization/gen_0037/af3_output/ind_0037_00115
39	ind_0037_00116	optimization_a7/absolute_optimization/gen_0037/af3_jobs/inputs/ind_0037_00116.json	optimization_a7/absolute_optimization/gen_0037/af3_output/ind_0037_00116
40	ind_0037_00119	optimization_a7/absolute_optimization/gen_0037/af3_jobs/inputs/ind_0037_00119.json	optimization_a7/absolute_optimization/gen_0037/af3_output/ind_0037_00119
41	ind_0037_00120	optimization_a7/absolute_optimization/gen_0037/af3_jobs/inputs/ind_0037_00120.json	optimization_a7/absolute_optimization/gen_0037/af3_output/ind_0037_00120
42	ind_0037_00121	optimization_a7/absolute_optimization/gen_0037/af3_jobs/inputs/ind_0037_00121.json	optimization_a7/absolute_optimization/gen_0037/af3_output/ind_0037_00121
43	ind_0037_00123	optimization_a7/absolute_optimization/gen_0037/af3_jobs/inputs/ind_0037_00123.json	optimization_a7/absolute_optimization/gen_0037/af3_output/ind_0037_00123
44	ind_0037_00129	optimization_a7/absolute_optimization/gen_0037/af3_jobs/inputs/ind_0037_00129.json	optimization_a7/absolute_optimization/gen_0037/af3_output/ind_0037_00129
45	ind_0037_00132	optimization_a7/absolute_optimization/gen_0037/af3_jobs/inputs/ind_0037_00132.json	optimization_a7/absolute_optimization/gen_0037/af3_output/ind_0037_00132
46	ind_0037_00143	optimization_a7/absolute_optimization/gen_0037/af3_jobs/inputs/ind_0037_00143.json	optimization_a7/absolute_optimization/gen_0037/af3_output/ind_0037_00143
47	ind_0037_00144	optimization_a7/absolute_optimization/gen_0037/af3_jobs/inputs/ind_0037_00144.json	optimization_a7/absolute_optimization/gen_0037/af3_output/ind_0037_00144
48	ind_0037_00150	optimization_a7/absolute_optimization/gen_0037/af3_jobs/inputs/ind_0037_00150.json	optimization_a7/absolute_optimization/gen_0037/af3_output/ind_0037_00150
49	ind_0037_00155	optimization_a7/absolute_optimization/gen_0037/af3_jobs/inputs/ind_0037_00155.json	optimization_a7/absolute_optimization/gen_0037/af3_output/ind_0037_00155
50	ind_0037_00157	optimization_a7/absolute_optimization/gen_0037/af3_jobs/inputs/ind_0037_00157.json	optimization_a7/absolute_optimization/gen_0037/af3_output/ind_0037_00157
51	ind_0037_00158	optimization_a7/absolute_optimization/gen_0037/af3_jobs/inputs/ind_0037_00158.json	optimization_a7/absolute_optimization/gen_0037/af3_output/ind_0037_00158
52	ind_0037_00160	optimization_a7/absolute_optimization/gen_0037/af3_jobs/inputs/ind_0037_00160.json	optimization_a7/absolute_optimization/gen_0037/af3_output/ind_0037_00160
53	ind_0037_00161	optimization_a7/absolute_optimization/gen_0037/af3_jobs/inputs/ind_0037_00161.json	optimization_a7/absolute_optimization/gen_0037/af3_output/ind_0037_00161
54	ind_0037_00162	optimization_a7/absolute_optimization/gen_0037/af3_jobs/inputs/ind_0037_00162.json	optimization_a7/absolute_optimization/gen_0037/af3_output/ind_0037_00162
55	ind_0037_00164	optimization_a7/absolute_optimization/gen_0037/af3_jobs/inputs/ind_0037_00164.json	optimization_a7/absolute_optimization/gen_0037/af3_output/ind_0037_00164
56	ind_0037_00168	optimization_a7/absolute_optimization/gen_0037/af3_jobs/inputs/ind_0037_00168.json	optimization_a7/absolute_optimization/gen_0037/af3_output/ind_0037_00168
57	ind_0037_00169	optimization_a7/absolute_optimization/gen_0037/af3_jobs/inputs/ind_0037_00169.json	optimization_a7/absolute_optimization/gen_0037/af3_output/ind_0037_00169
58	ind_0037_00172	optimization_a7/absolute_optimization/gen_0037/af3_jobs/inputs/ind_0037_00172.json	optimization_a7/absolute_optimization/gen_0037/af3_output/ind_0037_00172
59	ind_0037_00179	optimization_a7/absolute_optimization/gen_0037/af3_jobs/inputs/ind_0037_00179.json	optimization_a7/absolute_optimization/gen_0037/af3_output/ind_0037_00179
60	ind_0037_00182	optimization_a7/absolute_optimization/gen_0037/af3_jobs/inputs/ind_0037_00182.json	optimization_a7/absolute_optimization/gen_0037/af3_output/ind_0037_00182
61	ind_0037_00184	optimization_a7/absolute_optimization/gen_0037/af3_jobs/inputs/ind_0037_00184.json	optimization_a7/absolute_optimization/gen_0037/af3_output/ind_0037_00184
62	ind_0037_00195	optimization_a7/absolute_optimization/gen_0037/af3_jobs/inputs/ind_0037_00195.json	optimization_a7/absolute_optimization/gen_0037/af3_output/ind_0037_00195
63	ind_0037_00200	optimization_a7/absolute_optimization/gen_0037/af3_jobs/inputs/ind_0037_00200.json	optimization_a7/absolute_optimization/gen_0037/af3_output/ind_0037_00200
64	ind_0037_00201	optimization_a7/absolute_optimization/gen_0037/af3_jobs/inputs/ind_0037_00201.json	optimization_a7/absolute_optimization/gen_0037/af3_output/ind_0037_00201
65	ind_0037_00203	optimization_a7/absolute_optimization/gen_0037/af3_jobs/inputs/ind_0037_00203.json	optimization_a7/absolute_optimization/gen_0037/af3_output/ind_0037_00203
66	ind_0037_00207	optimization_a7/absolute_optimization/gen_0037/af3_jobs/inputs/ind_0037_00207.json	optimization_a7/absolute_optimization/gen_0037/af3_output/ind_0037_00207
67	ind_0037_00208	optimization_a7/absolute_optimization/gen_0037/af3_jobs/inputs/ind_0037_00208.json	optimization_a7/absolute_optimization/gen_0037/af3_output/ind_0037_00208
68	ind_0037_00210	optimization_a7/absolute_optimization/gen_0037/af3_jobs/inputs/ind_0037_00210.json	optimization_a7/absolute_optimization/gen_0037/af3_output/ind_0037_00210
69	ind_0037_00211	optimization_a7/absolute_optimization/gen_0037/af3_jobs/inputs/ind_0037_00211.json	optimization_a7/absolute_optimization/gen_0037/af3_output/ind_0037_00211
70	ind_0037_00215	optimization_a7/absolute_optimization/gen_0037/af3_jobs/inputs/ind_0037_00215.json	optimization_a7/absolute_optimization/gen_0037/af3_output/ind_0037_00215
71	ind_0037_00218	optimization_a7/absolute_optimization/gen_0037/af3_jobs/inputs/ind_0037_00218.json	optimization_a7/absolute_optimization/gen_0037/af3_output/ind_0037_00218
72	ind_0037_00219	optimization_a7/absolute_optimization/gen_0037/af3_jobs/inputs/ind_0037_00219.json	optimization_a7/absolute_optimization/gen_0037/af3_output/ind_0037_00219
73	ind_0037_00224	optimization_a7/absolute_optimization/gen_0037/af3_jobs/inputs/ind_0037_00224.json	optimization_a7/absolute_optimization/gen_0037/af3_output/ind_0037_00224
74	ind_0037_00225	optimization_a7/absolute_optimization/gen_0037/af3_jobs/inputs/ind_0037_00225.json	optimization_a7/absolute_optimization/gen_0037/af3_output/ind_0037_00225
75	ind_0037_00234	optimization_a7/absolute_optimization/gen_0037/af3_jobs/inputs/ind_0037_00234.json	optimization_a7/absolute_optimization/gen_0037/af3_output/ind_0037_00234
76	ind_0037_00238	optimization_a7/absolute_optimization/gen_0037/af3_jobs/inputs/ind_0037_00238.json	optimization_a7/absolute_optimization/gen_0037/af3_output/ind_0037_00238
77	ind_0037_00246	optimization_a7/absolute_optimization/gen_0037/af3_jobs/inputs/ind_0037_00246.json	optimization_a7/absolute_optimization/gen_0037/af3_output/ind_0037_00246
78	ind_0037_00247	optimization_a7/absolute_optimization/gen_0037/af3_jobs/inputs/ind_0037_00247.json	optimization_a7/absolute_optimization/gen_0037/af3_output/ind_0037_00247
79	ind_0037_00250	optimization_a7/absolute_optimization/gen_0037/af3_jobs/inputs/ind_0037_00250.json	optimization_a7/absolute_optimization/gen_0037/af3_output/ind_0037_00250
80	ind_0037_00251	optimization_a7/absolute_optimization/gen_0037/af3_jobs/inputs/ind_0037_00251.json	optimization_a7/absolute_optimization/gen_0037/af3_output/ind_0037_00251
81	ind_0037_00258	optimization_a7/absolute_optimization/gen_0037/af3_jobs/inputs/ind_0037_00258.json	optimization_a7/absolute_optimization/gen_0037/af3_output/ind_0037_00258
82	ind_0037_00267	optimization_a7/absolute_optimization/gen_0037/af3_jobs/inputs/ind_0037_00267.json	optimization_a7/absolute_optimization/gen_0037/af3_output/ind_0037_00267
83	ind_0037_00268	optimization_a7/absolute_optimization/gen_0037/af3_jobs/inputs/ind_0037_00268.json	optimization_a7/absolute_optimization/gen_0037/af3_output/ind_0037_00268
84	ind_0037_00273	optimization_a7/absolute_optimization/gen_0037/af3_jobs/inputs/ind_0037_00273.json	optimization_a7/absolute_optimization/gen_0037/af3_output/ind_0037_00273
85	ind_0037_00277	optimization_a7/absolute_optimization/gen_0037/af3_jobs/inputs/ind_0037_00277.json	optimization_a7/absolute_optimization/gen_0037/af3_output/ind_0037_00277
86	ind_0037_00279	optimization_a7/absolute_optimization/gen_0037/af3_jobs/inputs/ind_0037_00279.json	optimization_a7/absolute_optimization/gen_0037/af3_output/ind_0037_00279
87	ind_0037_00281	optimization_a7/absolute_optimization/gen_0037/af3_jobs/inputs/ind_0037_00281.json	optimization_a7/absolute_optimization/gen_0037/af3_output/ind_0037_00281
88	ind_0037_00283	optimization_a7/absolute_optimization/gen_0037/af3_jobs/inputs/ind_0037_00283.json	optimization_a7/absolute_optimization/gen_0037/af3_output/ind_0037_00283
89	ind_0037_00286	optimization_a7/absolute_optimization/gen_0037/af3_jobs/inputs/ind_0037_00286.json	optimization_a7/absolute_optimization/gen_0037/af3_output/ind_0037_00286
90	ind_0037_00287	optimization_a7/absolute_optimization/gen_0037/af3_jobs/inputs/ind_0037_00287.json	optimization_a7/absolute_optimization/gen_0037/af3_output/ind_0037_00287
91	ind_0037_00293	optimization_a7/absolute_optimization/gen_0037/af3_jobs/inputs/ind_0037_00293.json	optimization_a7/absolute_optimization/gen_0037/af3_output/ind_0037_00293
92	ind_0037_00294	optimization_a7/absolute_optimization/gen_0037/af3_jobs/inputs/ind_0037_00294.json	optimization_a7/absolute_optimization/gen_0037/af3_output/ind_0037_00294
93	ind_0037_00295	optimization_a7/absolute_optimization/gen_0037/af3_jobs/inputs/ind_0037_00295.json	optimization_a7/absolute_optimization/gen_0037/af3_output/ind_0037_00295
94	ind_0037_00298	optimization_a7/absolute_optimization/gen_0037/af3_jobs/inputs/ind_0037_00298.json	optimization_a7/absolute_optimization/gen_0037/af3_output/ind_0037_00298
95	ind_0037_00301	optimization_a7/absolute_optimization/gen_0037/af3_jobs/inputs/ind_0037_00301.json	optimization_a7/absolute_optimization/gen_0037/af3_output/ind_0037_00301
96	ind_0037_00302	optimization_a7/absolute_optimization/gen_0037/af3_jobs/inputs/ind_0037_00302.json	optimization_a7/absolute_optimization/gen_0037/af3_output/ind_0037_00302
97	ind_0037_00303	optimization_a7/absolute_optimization/gen_0037/af3_jobs/inputs/ind_0037_00303.json	optimization_a7/absolute_optimization/gen_0037/af3_output/ind_0037_00303
98	ind_0037_00304	optimization_a7/absolute_optimization/gen_0037/af3_jobs/inputs/ind_0037_00304.json	optimization_a7/absolute_optimization/gen_0037/af3_output/ind_0037_00304
99	ind_0037_00305	optimization_a7/absolute_optimization/gen_0037/af3_jobs/inputs/ind_0037_00305.json	optimization_a7/absolute_optimization/gen_0037/af3_output/ind_0037_00305
