seq_id,target,pred_log10_half_life_mean,pred_log10_half_life_std,pred_log10_half_life_min,pred_log10_half_life_max,pred_log10_half_life_ci_lower,pred_log10_half_life_ci_upper,ensemble_agreement,stability_class
current,0,-0.91693723,0.32256836,-1.7562288,-0.35863742,-1.5491712,-0.28470325,0.73976046,very_unstable
gen7_T45A,0,-0.91225505,0.3223301,-1.7466905,-0.35494736,-1.5440221,-0.28048807,0.73891634,very_unstable
gen7_T45C,0,-0.91168463,0.3234985,-1.7484804,-0.3575273,-1.5457417,-0.2776276,0.7380967,very_unstable
gen7_T45G,0,-0.91565764,0.322491,-1.7485499,-0.35474774,-1.54774,-0.2835753,0.7395378,very_unstable
gen7_T4A,0,-0.9151083,0.3225428,-1.7504747,-0.35913092,-1.5472922,-0.28292447,0.73939115,very_unstable
gen7_T4C,0,-0.9162634,0.32366806,-1.7598343,-0.35930893,-1.5506527,-0.281874,0.7389629,very_unstable
gen7_T4G,0,-0.9224424,0.32271984,-1.7604754,-0.3633339,-1.5549734,-0.28991145,0.74082106,very_unstable
gen7_G82A,0,-0.91735107,0.3223226,-1.746709,-0.35848662,-1.5491034,-0.28559875,0.739994,very_unstable
gen7_G82C,0,-0.9156091,0.32150972,-1.7502617,-0.36021775,-1.5457683,-0.28545004,0.7401141,very_unstable
gen7_G82T,0,-0.92088723,0.32328022,-1.7551135,-0.35682192,-1.5545166,-0.28725797,0.7401634,very_unstable
gen7_C74A,0,-0.91696787,0.32042813,-1.744762,-0.3598311,-1.545007,-0.2889287,0.74104637,very_unstable
gen7_C74G,0,-0.9141312,0.32066303,-1.7407358,-0.35804537,-1.5426308,-0.28563166,0.7403105,very_unstable
gen7_C74T,0,-0.91778475,0.32181823,-1.7544315,-0.35862997,-1.5485485,-0.28702098,0.74038607,very_unstable
gen7_G59A,0,-0.92696023,0.32164213,-1.7595055,-0.36055845,-1.5573788,-0.29654163,0.74239826,very_unstable
gen7_G59C,0,-0.9237848,0.32110935,-1.7571616,-0.36590904,-1.5531591,-0.29441047,0.74205893,very_unstable
gen7_G59T,0,-0.9241358,0.32158905,-1.7579722,-0.35761184,-1.5544503,-0.29382128,0.74184585,very_unstable
