transcript_id	gene_id	region	length	gc_content	frac_A	frac_C	frac_G	frac_U	frac_other	gc_skew	at_skew	purine_ratio	amino_ratio
ind_1000_00000	ind_1000_00000	3UTR	197	0.6649746192893401	0.13705583756345177	0.39593908629441626	0.26903553299492383	0.19796954314720813	0.0	-0.19083969465648856	-0.18181818181818182	0.40609137055837563	0.5329949238578681
ind_1000_00001	ind_1000_00001	3UTR	197	0.6598984771573604	0.13705583756345177	0.39086294416243655	0.26903553299492383	0.20304568527918782	0.0	-0.18461538461538463	-0.19402985074626866	0.40609137055837563	0.5279187817258884
ind_1000_00002	ind_1000_00002	3UTR	197	0.6649746192893401	0.13705583756345177	0.39593908629441626	0.26903553299492383	0.19796954314720813	0.0	-0.19083969465648856	-0.18181818181818182	0.40609137055837563	0.5329949238578681
ind_1000_00003	ind_1000_00003	3UTR	197	0.6700507614213198	0.13705583756345177	0.4010152284263959	0.26903553299492383	0.19289340101522842	0.0	-0.19696969696969696	-0.16923076923076924	0.40609137055837563	0.5380710659898477
ind_1000_00004	ind_1000_00004	3UTR	197	0.6598984771573604	0.13705583756345177	0.39086294416243655	0.26903553299492383	0.20304568527918782	0.0	-0.18461538461538463	-0.19402985074626866	0.40609137055837563	0.5279187817258884
ind_1000_00005	ind_1000_00005	3UTR	197	0.6751269035532995	0.1319796954314721	0.39086294416243655	0.28426395939086296	0.19289340101522842	0.0	-0.15789473684210525	-0.1875	0.41624365482233505	0.5228426395939086
ind_1000_00006	ind_1000_00006	3UTR	197	0.6649746192893401	0.13705583756345177	0.4010152284263959	0.2639593908629442	0.19796954314720813	0.0	-0.20610687022900764	-0.18181818181818182	0.4010152284263959	0.5380710659898477
ind_1000_00007	ind_1000_00007	3UTR	197	0.6751269035532995	0.12690355329949238	0.39086294416243655	0.28426395939086296	0.19796954314720813	0.0	-0.15789473684210525	-0.21875	0.41116751269035534	0.5177664974619289
ind_1000_00008	ind_1000_00008	3UTR	197	0.6548223350253807	0.14720812182741116	0.38578680203045684	0.26903553299492383	0.19796954314720813	0.0	-0.17829457364341086	-0.14705882352941177	0.41624365482233505	0.5329949238578681
ind_1000_00009	ind_1000_00009	3UTR	197	0.6598984771573604	0.14213197969543148	0.38578680203045684	0.27411167512690354	0.19796954314720813	0.0	-0.16923076923076924	-0.16417910447761194	0.41624365482233505	0.5279187817258884
ind_1000_00010	ind_1000_00010	3UTR	197	0.6548223350253807	0.14720812182741116	0.37055837563451777	0.28426395939086296	0.19796954314720813	0.0	-0.13178294573643412	-0.14705882352941177	0.43147208121827413	0.5177664974619289
ind_1000_00011	ind_1000_00011	3UTR	197	0.649746192893401	0.14213197969543148	0.39086294416243655	0.25888324873096447	0.20812182741116753	0.0	-0.203125	-0.18840579710144928	0.4010152284263959	0.5329949238578681
ind_1000_00012	ind_1000_00012	3UTR	197	0.6598984771573604	0.14213197969543148	0.4010152284263959	0.25888324873096447	0.19796954314720813	0.0	-0.2153846153846154	-0.16417910447761194	0.4010152284263959	0.5431472081218274
ind_1000_00013	ind_1000_00013	3UTR	197	0.6903553299492385	0.116751269035533	0.38578680203045684	0.30456852791878175	0.19289340101522842	0.0	-0.11764705882352941	-0.2459016393442623	0.4213197969543147	0.5025380710659898
ind_1000_00014	ind_1000_00014	3UTR	197	0.649746192893401	0.15736040609137056	0.37055837563451777	0.27918781725888325	0.19289340101522842	0.0	-0.140625	-0.10144927536231885	0.4365482233502538	0.5279187817258884
ind_1000_00015	ind_1000_00015	3UTR	197	0.6598984771573604	0.14720812182741116	0.39086294416243655	0.26903553299492383	0.19289340101522842	0.0	-0.18461538461538463	-0.13432835820895522	0.41624365482233505	0.5380710659898477
ind_1000_00016	ind_1000_00016	3UTR	197	0.6598984771573604	0.116751269035533	0.39086294416243655	0.26903553299492383	0.2233502538071066	0.0	-0.18461538461538463	-0.31343283582089554	0.38578680203045684	0.5076142131979695
ind_1000_00017	ind_1000_00017	3UTR	197	0.700507614213198	0.1218274111675127	0.40609137055837563	0.29441624365482233	0.17766497461928935	0.0	-0.15942028985507245	-0.1864406779661017	0.41624365482233505	0.5279187817258884
ind_1000_00018	ind_1000_00018	3UTR	197	0.6751269035532995	0.116751269035533	0.4263959390862944	0.24873096446700507	0.20812182741116753	0.0	-0.2631578947368421	-0.28125	0.36548223350253806	0.5431472081218274
ind_1000_00019	ind_1000_00019	3UTR	197	0.6700507614213198	0.12690355329949238	0.39593908629441626	0.27411167512690354	0.20304568527918782	0.0	-0.18181818181818182	-0.23076923076923078	0.4010152284263959	0.5228426395939086
ind_1000_00020	ind_1000_00020	3UTR	197	0.6802030456852792	0.14213197969543148	0.41116751269035534	0.26903553299492383	0.17766497461928935	0.0	-0.208955223880597	-0.1111111111111111	0.41116751269035534	0.5532994923857868
ind_1000_00021	ind_1000_00021	3UTR	197	0.6649746192893401	0.16243654822335024	0.40609137055837563	0.25888324873096447	0.17258883248730963	0.0	-0.22137404580152673	-0.030303030303030304	0.4213197969543147	0.5685279187817259
ind_1000_00022	ind_1000_00022	3UTR	197	0.6751269035532995	0.13705583756345177	0.4010152284263959	0.27411167512690354	0.18781725888324874	0.0	-0.18796992481203006	-0.15625	0.41116751269035534	0.5380710659898477
ind_1000_00023	ind_1000_00023	3UTR	197	0.6700507614213198	0.1319796954314721	0.4010152284263959	0.26903553299492383	0.19796954314720813	0.0	-0.19696969696969696	-0.2	0.4010152284263959	0.5329949238578681
ind_1000_00024	ind_1000_00024	3UTR	197	0.649746192893401	0.15228426395939088	0.36548223350253806	0.28426395939086296	0.19796954314720813	0.0	-0.125	-0.13043478260869565	0.4365482233502538	0.5177664974619289
ind_1000_00025	ind_1000_00025	3UTR	197	0.649746192893401	0.12690355329949238	0.39086294416243655	0.25888324873096447	0.2233502538071066	0.0	-0.203125	-0.2753623188405797	0.38578680203045684	0.5177664974619289
ind_1000_00026	ind_1000_00026	3UTR	197	0.6598984771573604	0.13705583756345177	0.39593908629441626	0.2639593908629442	0.20304568527918782	0.0	-0.2	-0.19402985074626866	0.4010152284263959	0.5329949238578681
ind_1000_00027	ind_1000_00027	3UTR	197	0.6598984771573604	0.1319796954314721	0.38071065989847713	0.27918781725888325	0.20812182741116753	0.0	-0.15384615384615385	-0.22388059701492538	0.41116751269035534	0.5126903553299492
ind_1000_00028	ind_1000_00028	3UTR	197	0.6649746192893401	0.14720812182741116	0.38578680203045684	0.27918781725888325	0.18781725888324874	0.0	-0.16030534351145037	-0.12121212121212122	0.4263959390862944	0.5329949238578681
ind_1000_00029	ind_1000_00029	3UTR	197	0.6649746192893401	0.13705583756345177	0.38578680203045684	0.27918781725888325	0.19796954314720813	0.0	-0.16030534351145037	-0.18181818181818182	0.41624365482233505	0.5228426395939086
ind_1000_00030	ind_1000_00030	3UTR	197	0.6700507614213198	0.1319796954314721	0.39593908629441626	0.27411167512690354	0.19796954314720813	0.0	-0.18181818181818182	-0.2	0.40609137055837563	0.5279187817258884
ind_1000_00031	ind_1000_00031	3UTR	197	0.6548223350253807	0.1218274111675127	0.37055837563451777	0.28426395939086296	0.2233502538071066	0.0	-0.13178294573643412	-0.29411764705882354	0.40609137055837563	0.49238578680203043
ind_1000_00032	ind_1000_00032	3UTR	197	0.6802030456852792	0.12690355329949238	0.38071065989847713	0.29949238578680204	0.19289340101522842	0.0	-0.11940298507462686	-0.20634920634920634	0.4263959390862944	0.5076142131979695
ind_1000_00033	ind_1000_00033	3UTR	197	0.6598984771573604	0.14213197969543148	0.38578680203045684	0.27411167512690354	0.19796954314720813	0.0	-0.16923076923076924	-0.16417910447761194	0.41624365482233505	0.5279187817258884
ind_1000_00034	ind_1000_00034	3UTR	197	0.6345177664974619	0.1319796954314721	0.39086294416243655	0.2436548223350254	0.233502538071066	0.0	-0.232	-0.2777777777777778	0.3756345177664975	0.5228426395939086
ind_1000_00035	ind_1000_00035	3UTR	197	0.6802030456852792	0.12690355329949238	0.41624365482233505	0.2639593908629442	0.19289340101522842	0.0	-0.22388059701492538	-0.20634920634920634	0.39086294416243655	0.5431472081218274
ind_1000_00036	ind_1000_00036	3UTR	197	0.6954314720812182	0.1065989847715736	0.43147208121827413	0.2639593908629442	0.19796954314720813	0.0	-0.24087591240875914	-0.3	0.37055837563451777	0.5380710659898477
ind_1000_00037	ind_1000_00037	3UTR	197	0.6903553299492385	0.1065989847715736	0.40609137055837563	0.28426395939086296	0.20304568527918782	0.0	-0.17647058823529413	-0.3114754098360656	0.39086294416243655	0.5126903553299492
ind_1000_00038	ind_1000_00038	3UTR	197	0.6649746192893401	0.1218274111675127	0.38578680203045684	0.27918781725888325	0.2131979695431472	0.0	-0.16030534351145037	-0.2727272727272727	0.4010152284263959	0.5076142131979695
ind_1000_00039	ind_1000_00039	3UTR	197	0.6548223350253807	0.14720812182741116	0.38071065989847713	0.27411167512690354	0.19796954314720813	0.0	-0.16279069767441862	-0.14705882352941177	0.4213197969543147	0.5279187817258884
ind_1000_00040	ind_1000_00040	3UTR	197	0.6649746192893401	0.13705583756345177	0.38578680203045684	0.27918781725888325	0.19796954314720813	0.0	-0.16030534351145037	-0.18181818181818182	0.41624365482233505	0.5228426395939086
ind_1000_00041	ind_1000_00041	3UTR	197	0.6802030456852792	0.14213197969543148	0.4010152284263959	0.27918781725888325	0.17766497461928935	0.0	-0.1791044776119403	-0.1111111111111111	0.4213197969543147	0.5431472081218274
ind_1000_00042	ind_1000_00042	3UTR	197	0.6548223350253807	0.15228426395939088	0.39086294416243655	0.2639593908629442	0.19289340101522842	0.0	-0.1937984496124031	-0.11764705882352941	0.41624365482233505	0.5431472081218274
ind_1000_00043	ind_1000_00043	3UTR	197	0.6548223350253807	0.13705583756345177	0.38071065989847713	0.27411167512690354	0.20812182741116753	0.0	-0.16279069767441862	-0.20588235294117646	0.41116751269035534	0.5177664974619289
ind_1000_00044	ind_1000_00044	3UTR	197	0.6954314720812182	0.1218274111675127	0.40609137055837563	0.2893401015228426	0.18274111675126903	0.0	-0.1678832116788321	-0.2	0.41116751269035534	0.5279187817258884
ind_1000_00045	ind_1000_00045	3UTR	197	0.6548223350253807	0.14720812182741116	0.4010152284263959	0.25380710659898476	0.19796954314720813	0.0	-0.2248062015503876	-0.14705882352941177	0.4010152284263959	0.5482233502538071
ind_1000_00046	ind_1000_00046	3UTR	197	0.6649746192893401	0.1319796954314721	0.39593908629441626	0.26903553299492383	0.20304568527918782	0.0	-0.19083969465648856	-0.21212121212121213	0.4010152284263959	0.5279187817258884
ind_1000_00047	ind_1000_00047	3UTR	197	0.6649746192893401	0.13705583756345177	0.39593908629441626	0.26903553299492383	0.19796954314720813	0.0	-0.19083969465648856	-0.18181818181818182	0.40609137055837563	0.5329949238578681
ind_1000_00048	ind_1000_00048	3UTR	197	0.6598984771573604	0.116751269035533	0.39086294416243655	0.26903553299492383	0.2233502538071066	0.0	-0.18461538461538463	-0.31343283582089554	0.38578680203045684	0.5076142131979695
ind_1000_00049	ind_1000_00049	3UTR	197	0.6548223350253807	0.13705583756345177	0.38578680203045684	0.26903553299492383	0.20812182741116753	0.0	-0.17829457364341086	-0.20588235294117646	0.40609137055837563	0.5228426395939086
ind_1000_00000	ind_1000_00000	5UTR	51	0.49019607843137253	0.3137254901960784	0.3137254901960784	0.17647058823529413	0.19607843137254902	0.0	-0.28	0.23076923076923078	0.49019607843137253	0.6274509803921569
ind_1000_00001	ind_1000_00001	5UTR	51	0.49019607843137253	0.3137254901960784	0.3137254901960784	0.17647058823529413	0.19607843137254902	0.0	-0.28	0.23076923076923078	0.49019607843137253	0.6274509803921569
ind_1000_00002	ind_1000_00002	5UTR	51	0.49019607843137253	0.3137254901960784	0.3137254901960784	0.17647058823529413	0.19607843137254902	0.0	-0.28	0.23076923076923078	0.49019607843137253	0.6274509803921569
ind_1000_00003	ind_1000_00003	5UTR	51	0.49019607843137253	0.3137254901960784	0.3137254901960784	0.17647058823529413	0.19607843137254902	0.0	-0.28	0.23076923076923078	0.49019607843137253	0.6274509803921569
ind_1000_00004	ind_1000_00004	5UTR	51	0.49019607843137253	0.3137254901960784	0.3137254901960784	0.17647058823529413	0.19607843137254902	0.0	-0.28	0.23076923076923078	0.49019607843137253	0.6274509803921569
ind_1000_00005	ind_1000_00005	5UTR	51	0.49019607843137253	0.3137254901960784	0.3137254901960784	0.17647058823529413	0.19607843137254902	0.0	-0.28	0.23076923076923078	0.49019607843137253	0.6274509803921569
ind_1000_00006	ind_1000_00006	5UTR	51	0.49019607843137253	0.3137254901960784	0.3137254901960784	0.17647058823529413	0.19607843137254902	0.0	-0.28	0.23076923076923078	0.49019607843137253	0.6274509803921569
ind_1000_00007	ind_1000_00007	5UTR	51	0.49019607843137253	0.3137254901960784	0.3137254901960784	0.17647058823529413	0.19607843137254902	0.0	-0.28	0.23076923076923078	0.49019607843137253	0.6274509803921569
ind_1000_00008	ind_1000_00008	5UTR	51	0.49019607843137253	0.3137254901960784	0.3137254901960784	0.17647058823529413	0.19607843137254902	0.0	-0.28	0.23076923076923078	0.49019607843137253	0.6274509803921569
ind_1000_00009	ind_1000_00009	5UTR	51	0.49019607843137253	0.3137254901960784	0.3137254901960784	0.17647058823529413	0.19607843137254902	0.0	-0.28	0.23076923076923078	0.49019607843137253	0.6274509803921569
ind_1000_00010	ind_1000_00010	5UTR	51	0.49019607843137253	0.3137254901960784	0.3137254901960784	0.17647058823529413	0.19607843137254902	0.0	-0.28	0.23076923076923078	0.49019607843137253	0.6274509803921569
ind_1000_00011	ind_1000_00011	5UTR	51	0.49019607843137253	0.3137254901960784	0.3137254901960784	0.17647058823529413	0.19607843137254902	0.0	-0.28	0.23076923076923078	0.49019607843137253	0.6274509803921569
ind_1000_00012	ind_1000_00012	5UTR	51	0.49019607843137253	0.3137254901960784	0.3137254901960784	0.17647058823529413	0.19607843137254902	0.0	-0.28	0.23076923076923078	0.49019607843137253	0.6274509803921569
ind_1000_00013	ind_1000_00013	5UTR	51	0.49019607843137253	0.3137254901960784	0.3137254901960784	0.17647058823529413	0.19607843137254902	0.0	-0.28	0.23076923076923078	0.49019607843137253	0.6274509803921569
ind_1000_00014	ind_1000_00014	5UTR	51	0.49019607843137253	0.3137254901960784	0.3137254901960784	0.17647058823529413	0.19607843137254902	0.0	-0.28	0.23076923076923078	0.49019607843137253	0.6274509803921569
ind_1000_00015	ind_1000_00015	5UTR	51	0.49019607843137253	0.3137254901960784	0.3137254901960784	0.17647058823529413	0.19607843137254902	0.0	-0.28	0.23076923076923078	0.49019607843137253	0.6274509803921569
ind_1000_00016	ind_1000_00016	5UTR	51	0.49019607843137253	0.3137254901960784	0.3137254901960784	0.17647058823529413	0.19607843137254902	0.0	-0.28	0.23076923076923078	0.49019607843137253	0.6274509803921569
ind_1000_00017	ind_1000_00017	5UTR	51	0.49019607843137253	0.3137254901960784	0.3137254901960784	0.17647058823529413	0.19607843137254902	0.0	-0.28	0.23076923076923078	0.49019607843137253	0.6274509803921569
ind_1000_00018	ind_1000_00018	5UTR	51	0.49019607843137253	0.3137254901960784	0.3137254901960784	0.17647058823529413	0.19607843137254902	0.0	-0.28	0.23076923076923078	0.49019607843137253	0.6274509803921569
ind_1000_00019	ind_1000_00019	5UTR	51	0.49019607843137253	0.3137254901960784	0.3137254901960784	0.17647058823529413	0.19607843137254902	0.0	-0.28	0.23076923076923078	0.49019607843137253	0.6274509803921569
ind_1000_00020	ind_1000_00020	5UTR	51	0.49019607843137253	0.3137254901960784	0.3137254901960784	0.17647058823529413	0.19607843137254902	0.0	-0.28	0.23076923076923078	0.49019607843137253	0.6274509803921569
ind_1000_00021	ind_1000_00021	5UTR	51	0.49019607843137253	0.3137254901960784	0.3137254901960784	0.17647058823529413	0.19607843137254902	0.0	-0.28	0.23076923076923078	0.49019607843137253	0.6274509803921569
ind_1000_00022	ind_1000_00022	5UTR	51	0.49019607843137253	0.3137254901960784	0.3137254901960784	0.17647058823529413	0.19607843137254902	0.0	-0.28	0.23076923076923078	0.49019607843137253	0.6274509803921569
ind_1000_00023	ind_1000_00023	5UTR	51	0.49019607843137253	0.3137254901960784	0.3137254901960784	0.17647058823529413	0.19607843137254902	0.0	-0.28	0.23076923076923078	0.49019607843137253	0.6274509803921569
ind_1000_00024	ind_1000_00024	5UTR	51	0.49019607843137253	0.3137254901960784	0.3137254901960784	0.17647058823529413	0.19607843137254902	0.0	-0.28	0.23076923076923078	0.49019607843137253	0.6274509803921569
ind_1000_00025	ind_1000_00025	5UTR	51	0.49019607843137253	0.3137254901960784	0.3137254901960784	0.17647058823529413	0.19607843137254902	0.0	-0.28	0.23076923076923078	0.49019607843137253	0.6274509803921569
ind_1000_00026	ind_1000_00026	5UTR	51	0.49019607843137253	0.3137254901960784	0.3137254901960784	0.17647058823529413	0.19607843137254902	0.0	-0.28	0.23076923076923078	0.49019607843137253	0.6274509803921569
ind_1000_00027	ind_1000_00027	5UTR	51	0.49019607843137253	0.3137254901960784	0.3137254901960784	0.17647058823529413	0.19607843137254902	0.0	-0.28	0.23076923076923078	0.49019607843137253	0.6274509803921569
ind_1000_00028	ind_1000_00028	5UTR	51	0.49019607843137253	0.3137254901960784	0.3137254901960784	0.17647058823529413	0.19607843137254902	0.0	-0.28	0.23076923076923078	0.49019607843137253	0.6274509803921569
ind_1000_00029	ind_1000_00029	5UTR	51	0.49019607843137253	0.3137254901960784	0.3137254901960784	0.17647058823529413	0.19607843137254902	0.0	-0.28	0.23076923076923078	0.49019607843137253	0.6274509803921569
ind_1000_00030	ind_1000_00030	5UTR	51	0.49019607843137253	0.3137254901960784	0.3137254901960784	0.17647058823529413	0.19607843137254902	0.0	-0.28	0.23076923076923078	0.49019607843137253	0.6274509803921569
ind_1000_00031	ind_1000_00031	5UTR	51	0.49019607843137253	0.3137254901960784	0.3137254901960784	0.17647058823529413	0.19607843137254902	0.0	-0.28	0.23076923076923078	0.49019607843137253	0.6274509803921569
ind_1000_00032	ind_1000_00032	5UTR	51	0.49019607843137253	0.3137254901960784	0.3137254901960784	0.17647058823529413	0.19607843137254902	0.0	-0.28	0.23076923076923078	0.49019607843137253	0.6274509803921569
ind_1000_00033	ind_1000_00033	5UTR	51	0.49019607843137253	0.3137254901960784	0.3137254901960784	0.17647058823529413	0.19607843137254902	0.0	-0.28	0.23076923076923078	0.49019607843137253	0.6274509803921569
ind_1000_00034	ind_1000_00034	5UTR	51	0.49019607843137253	0.3137254901960784	0.3137254901960784	0.17647058823529413	0.19607843137254902	0.0	-0.28	0.23076923076923078	0.49019607843137253	0.6274509803921569
ind_1000_00035	ind_1000_00035	5UTR	51	0.49019607843137253	0.3137254901960784	0.3137254901960784	0.17647058823529413	0.19607843137254902	0.0	-0.28	0.23076923076923078	0.49019607843137253	0.6274509803921569
ind_1000_00036	ind_1000_00036	5UTR	51	0.49019607843137253	0.3137254901960784	0.3137254901960784	0.17647058823529413	0.19607843137254902	0.0	-0.28	0.23076923076923078	0.49019607843137253	0.6274509803921569
ind_1000_00037	ind_1000_00037	5UTR	51	0.49019607843137253	0.3137254901960784	0.3137254901960784	0.17647058823529413	0.19607843137254902	0.0	-0.28	0.23076923076923078	0.49019607843137253	0.6274509803921569
ind_1000_00038	ind_1000_00038	5UTR	51	0.49019607843137253	0.3137254901960784	0.3137254901960784	0.17647058823529413	0.19607843137254902	0.0	-0.28	0.23076923076923078	0.49019607843137253	0.6274509803921569
ind_1000_00039	ind_1000_00039	5UTR	51	0.49019607843137253	0.3137254901960784	0.3137254901960784	0.17647058823529413	0.19607843137254902	0.0	-0.28	0.23076923076923078	0.49019607843137253	0.6274509803921569
ind_1000_00040	ind_1000_00040	5UTR	51	0.49019607843137253	0.3137254901960784	0.3137254901960784	0.17647058823529413	0.19607843137254902	0.0	-0.28	0.23076923076923078	0.49019607843137253	0.6274509803921569
ind_1000_00041	ind_1000_00041	5UTR	51	0.49019607843137253	0.3137254901960784	0.3137254901960784	0.17647058823529413	0.19607843137254902	0.0	-0.28	0.23076923076923078	0.49019607843137253	0.6274509803921569
ind_1000_00042	ind_1000_00042	5UTR	51	0.49019607843137253	0.3137254901960784	0.3137254901960784	0.17647058823529413	0.19607843137254902	0.0	-0.28	0.23076923076923078	0.49019607843137253	0.6274509803921569
ind_1000_00043	ind_1000_00043	5UTR	51	0.49019607843137253	0.3137254901960784	0.3137254901960784	0.17647058823529413	0.19607843137254902	0.0	-0.28	0.23076923076923078	0.49019607843137253	0.6274509803921569
ind_1000_00044	ind_1000_00044	5UTR	51	0.49019607843137253	0.3137254901960784	0.3137254901960784	0.17647058823529413	0.19607843137254902	0.0	-0.28	0.23076923076923078	0.49019607843137253	0.6274509803921569
ind_1000_00045	ind_1000_00045	5UTR	51	0.49019607843137253	0.3137254901960784	0.3137254901960784	0.17647058823529413	0.19607843137254902	0.0	-0.28	0.23076923076923078	0.49019607843137253	0.6274509803921569
ind_1000_00046	ind_1000_00046	5UTR	51	0.49019607843137253	0.3137254901960784	0.3137254901960784	0.17647058823529413	0.19607843137254902	0.0	-0.28	0.23076923076923078	0.49019607843137253	0.6274509803921569
ind_1000_00047	ind_1000_00047	5UTR	51	0.49019607843137253	0.3137254901960784	0.3137254901960784	0.17647058823529413	0.19607843137254902	0.0	-0.28	0.23076923076923078	0.49019607843137253	0.6274509803921569
ind_1000_00048	ind_1000_00048	5UTR	51	0.49019607843137253	0.3137254901960784	0.3137254901960784	0.17647058823529413	0.19607843137254902	0.0	-0.28	0.23076923076923078	0.49019607843137253	0.6274509803921569
ind_1000_00049	ind_1000_00049	5UTR	51	0.49019607843137253	0.3137254901960784	0.3137254901960784	0.17647058823529413	0.19607843137254902	0.0	-0.28	0.23076923076923078	0.49019607843137253	0.6274509803921569
ind_1000_00000	ind_1000_00000	CDS	717	0.6164574616457462	0.24267782426778242	0.33612273361227335	0.2803347280334728	0.14086471408647142	0.0	-0.09049773755656108	0.26545454545454544	0.5230125523012552	0.5788005578800558
ind_1000_00001	ind_1000_00001	CDS	717	0.6164574616457462	0.24267782426778242	0.33612273361227335	0.2803347280334728	0.14086471408647142	0.0	-0.09049773755656108	0.26545454545454544	0.5230125523012552	0.5788005578800558
ind_1000_00002	ind_1000_00002	CDS	717	0.6164574616457462	0.24267782426778242	0.33612273361227335	0.2803347280334728	0.14086471408647142	0.0	-0.09049773755656108	0.26545454545454544	0.5230125523012552	0.5788005578800558
ind_1000_00003	ind_1000_00003	CDS	717	0.6164574616457462	0.24267782426778242	0.33612273361227335	0.2803347280334728	0.14086471408647142	0.0	-0.09049773755656108	0.26545454545454544	0.5230125523012552	0.5788005578800558
ind_1000_00004	ind_1000_00004	CDS	717	0.6164574616457462	0.24267782426778242	0.33612273361227335	0.2803347280334728	0.14086471408647142	0.0	-0.09049773755656108	0.26545454545454544	0.5230125523012552	0.5788005578800558
ind_1000_00005	ind_1000_00005	CDS	717	0.6164574616457462	0.24267782426778242	0.33612273361227335	0.2803347280334728	0.14086471408647142	0.0	-0.09049773755656108	0.26545454545454544	0.5230125523012552	0.5788005578800558
ind_1000_00006	ind_1000_00006	CDS	717	0.6164574616457462	0.24267782426778242	0.33612273361227335	0.2803347280334728	0.14086471408647142	0.0	-0.09049773755656108	0.26545454545454544	0.5230125523012552	0.5788005578800558
ind_1000_00007	ind_1000_00007	CDS	717	0.6164574616457462	0.24267782426778242	0.33612273361227335	0.2803347280334728	0.14086471408647142	0.0	-0.09049773755656108	0.26545454545454544	0.5230125523012552	0.5788005578800558
ind_1000_00008	ind_1000_00008	CDS	717	0.6164574616457462	0.24267782426778242	0.33612273361227335	0.2803347280334728	0.14086471408647142	0.0	-0.09049773755656108	0.26545454545454544	0.5230125523012552	0.5788005578800558
ind_1000_00009	ind_1000_00009	CDS	717	0.6164574616457462	0.24267782426778242	0.33612273361227335	0.2803347280334728	0.14086471408647142	0.0	-0.09049773755656108	0.26545454545454544	0.5230125523012552	0.5788005578800558
ind_1000_00010	ind_1000_00010	CDS	717	0.6164574616457462	0.24267782426778242	0.33612273361227335	0.2803347280334728	0.14086471408647142	0.0	-0.09049773755656108	0.26545454545454544	0.5230125523012552	0.5788005578800558
ind_1000_00011	ind_1000_00011	CDS	717	0.6164574616457462	0.24267782426778242	0.33612273361227335	0.2803347280334728	0.14086471408647142	0.0	-0.09049773755656108	0.26545454545454544	0.5230125523012552	0.5788005578800558
ind_1000_00012	ind_1000_00012	CDS	717	0.6164574616457462	0.24267782426778242	0.33612273361227335	0.2803347280334728	0.14086471408647142	0.0	-0.09049773755656108	0.26545454545454544	0.5230125523012552	0.5788005578800558
ind_1000_00013	ind_1000_00013	CDS	717	0.6164574616457462	0.24267782426778242	0.33612273361227335	0.2803347280334728	0.14086471408647142	0.0	-0.09049773755656108	0.26545454545454544	0.5230125523012552	0.5788005578800558
ind_1000_00014	ind_1000_00014	CDS	717	0.6164574616457462	0.24267782426778242	0.33612273361227335	0.2803347280334728	0.14086471408647142	0.0	-0.09049773755656108	0.26545454545454544	0.5230125523012552	0.5788005578800558
ind_1000_00015	ind_1000_00015	CDS	717	0.6164574616457462	0.24267782426778242	0.33612273361227335	0.2803347280334728	0.14086471408647142	0.0	-0.09049773755656108	0.26545454545454544	0.5230125523012552	0.5788005578800558
ind_1000_00016	ind_1000_00016	CDS	717	0.6164574616457462	0.24267782426778242	0.33612273361227335	0.2803347280334728	0.14086471408647142	0.0	-0.09049773755656108	0.26545454545454544	0.5230125523012552	0.5788005578800558
ind_1000_00017	ind_1000_00017	CDS	717	0.6164574616457462	0.24267782426778242	0.33612273361227335	0.2803347280334728	0.14086471408647142	0.0	-0.09049773755656108	0.26545454545454544	0.5230125523012552	0.5788005578800558
ind_1000_00018	ind_1000_00018	CDS	717	0.6164574616457462	0.24267782426778242	0.33612273361227335	0.2803347280334728	0.14086471408647142	0.0	-0.09049773755656108	0.26545454545454544	0.5230125523012552	0.5788005578800558
ind_1000_00019	ind_1000_00019	CDS	717	0.6164574616457462	0.24267782426778242	0.33612273361227335	0.2803347280334728	0.14086471408647142	0.0	-0.09049773755656108	0.26545454545454544	0.5230125523012552	0.5788005578800558
ind_1000_00020	ind_1000_00020	CDS	717	0.6164574616457462	0.24267782426778242	0.33612273361227335	0.2803347280334728	0.14086471408647142	0.0	-0.09049773755656108	0.26545454545454544	0.5230125523012552	0.5788005578800558
ind_1000_00021	ind_1000_00021	CDS	717	0.6164574616457462	0.24267782426778242	0.33612273361227335	0.2803347280334728	0.14086471408647142	0.0	-0.09049773755656108	0.26545454545454544	0.5230125523012552	0.5788005578800558
ind_1000_00022	ind_1000_00022	CDS	717	0.6164574616457462	0.24267782426778242	0.33612273361227335	0.2803347280334728	0.14086471408647142	0.0	-0.09049773755656108	0.26545454545454544	0.5230125523012552	0.5788005578800558
ind_1000_00023	ind_1000_00023	CDS	717	0.6164574616457462	0.24267782426778242	0.33612273361227335	0.2803347280334728	0.14086471408647142	0.0	-0.09049773755656108	0.26545454545454544	0.5230125523012552	0.5788005578800558
ind_1000_00024	ind_1000_00024	CDS	717	0.6164574616457462	0.24267782426778242	0.33612273361227335	0.2803347280334728	0.14086471408647142	0.0	-0.09049773755656108	0.26545454545454544	0.5230125523012552	0.5788005578800558
ind_1000_00025	ind_1000_00025	CDS	717	0.6164574616457462	0.24267782426778242	0.33612273361227335	0.2803347280334728	0.14086471408647142	0.0	-0.09049773755656108	0.26545454545454544	0.5230125523012552	0.5788005578800558
ind_1000_00026	ind_1000_00026	CDS	717	0.6164574616457462	0.24267782426778242	0.33612273361227335	0.2803347280334728	0.14086471408647142	0.0	-0.09049773755656108	0.26545454545454544	0.5230125523012552	0.5788005578800558
ind_1000_00027	ind_1000_00027	CDS	717	0.6164574616457462	0.24267782426778242	0.33612273361227335	0.2803347280334728	0.14086471408647142	0.0	-0.09049773755656108	0.26545454545454544	0.5230125523012552	0.5788005578800558
ind_1000_00028	ind_1000_00028	CDS	717	0.6164574616457462	0.24267782426778242	0.33612273361227335	0.2803347280334728	0.14086471408647142	0.0	-0.09049773755656108	0.26545454545454544	0.5230125523012552	0.5788005578800558
ind_1000_00029	ind_1000_00029	CDS	717	0.6164574616457462	0.24267782426778242	0.33612273361227335	0.2803347280334728	0.14086471408647142	0.0	-0.09049773755656108	0.26545454545454544	0.5230125523012552	0.5788005578800558
ind_1000_00030	ind_1000_00030	CDS	717	0.6164574616457462	0.24267782426778242	0.33612273361227335	0.2803347280334728	0.14086471408647142	0.0	-0.09049773755656108	0.26545454545454544	0.5230125523012552	0.5788005578800558
ind_1000_00031	ind_1000_00031	CDS	717	0.6164574616457462	0.24267782426778242	0.33612273361227335	0.2803347280334728	0.14086471408647142	0.0	-0.09049773755656108	0.26545454545454544	0.5230125523012552	0.5788005578800558
ind_1000_00032	ind_1000_00032	CDS	717	0.6164574616457462	0.24267782426778242	0.33612273361227335	0.2803347280334728	0.14086471408647142	0.0	-0.09049773755656108	0.26545454545454544	0.5230125523012552	0.5788005578800558
ind_1000_00033	ind_1000_00033	CDS	717	0.6164574616457462	0.24267782426778242	0.33612273361227335	0.2803347280334728	0.14086471408647142	0.0	-0.09049773755656108	0.26545454545454544	0.5230125523012552	0.5788005578800558
ind_1000_00034	ind_1000_00034	CDS	717	0.6164574616457462	0.24267782426778242	0.33612273361227335	0.2803347280334728	0.14086471408647142	0.0	-0.09049773755656108	0.26545454545454544	0.5230125523012552	0.5788005578800558
ind_1000_00035	ind_1000_00035	CDS	717	0.6164574616457462	0.24267782426778242	0.33612273361227335	0.2803347280334728	0.14086471408647142	0.0	-0.09049773755656108	0.26545454545454544	0.5230125523012552	0.5788005578800558
ind_1000_00036	ind_1000_00036	CDS	717	0.6164574616457462	0.24267782426778242	0.33612273361227335	0.2803347280334728	0.14086471408647142	0.0	-0.09049773755656108	0.26545454545454544	0.5230125523012552	0.5788005578800558
ind_1000_00037	ind_1000_00037	CDS	717	0.6164574616457462	0.24267782426778242	0.33612273361227335	0.2803347280334728	0.14086471408647142	0.0	-0.09049773755656108	0.26545454545454544	0.5230125523012552	0.5788005578800558
ind_1000_00038	ind_1000_00038	CDS	717	0.6164574616457462	0.24267782426778242	0.33612273361227335	0.2803347280334728	0.14086471408647142	0.0	-0.09049773755656108	0.26545454545454544	0.5230125523012552	0.5788005578800558
ind_1000_00039	ind_1000_00039	CDS	717	0.6164574616457462	0.24267782426778242	0.33612273361227335	0.2803347280334728	0.14086471408647142	0.0	-0.09049773755656108	0.26545454545454544	0.5230125523012552	0.5788005578800558
ind_1000_00040	ind_1000_00040	CDS	717	0.6164574616457462	0.24267782426778242	0.33612273361227335	0.2803347280334728	0.14086471408647142	0.0	-0.09049773755656108	0.26545454545454544	0.5230125523012552	0.5788005578800558
ind_1000_00041	ind_1000_00041	CDS	717	0.6164574616457462	0.24267782426778242	0.33612273361227335	0.2803347280334728	0.14086471408647142	0.0	-0.09049773755656108	0.26545454545454544	0.5230125523012552	0.5788005578800558
ind_1000_00042	ind_1000_00042	CDS	717	0.6164574616457462	0.24267782426778242	0.33612273361227335	0.2803347280334728	0.14086471408647142	0.0	-0.09049773755656108	0.26545454545454544	0.5230125523012552	0.5788005578800558
ind_1000_00043	ind_1000_00043	CDS	717	0.6164574616457462	0.24267782426778242	0.33612273361227335	0.2803347280334728	0.14086471408647142	0.0	-0.09049773755656108	0.26545454545454544	0.5230125523012552	0.5788005578800558
ind_1000_00044	ind_1000_00044	CDS	717	0.6164574616457462	0.24267782426778242	0.33612273361227335	0.2803347280334728	0.14086471408647142	0.0	-0.09049773755656108	0.26545454545454544	0.5230125523012552	0.5788005578800558
ind_1000_00045	ind_1000_00045	CDS	717	0.6164574616457462	0.24267782426778242	0.33612273361227335	0.2803347280334728	0.14086471408647142	0.0	-0.09049773755656108	0.26545454545454544	0.5230125523012552	0.5788005578800558
ind_1000_00046	ind_1000_00046	CDS	717	0.6164574616457462	0.24267782426778242	0.33612273361227335	0.2803347280334728	0.14086471408647142	0.0	-0.09049773755656108	0.26545454545454544	0.5230125523012552	0.5788005578800558
ind_1000_00047	ind_1000_00047	CDS	717	0.6164574616457462	0.24267782426778242	0.33612273361227335	0.2803347280334728	0.14086471408647142	0.0	-0.09049773755656108	0.26545454545454544	0.5230125523012552	0.5788005578800558
ind_1000_00048	ind_1000_00048	CDS	717	0.6164574616457462	0.24267782426778242	0.33612273361227335	0.2803347280334728	0.14086471408647142	0.0	-0.09049773755656108	0.26545454545454544	0.5230125523012552	0.5788005578800558
ind_1000_00049	ind_1000_00049	CDS	717	0.6164574616457462	0.24267782426778242	0.33612273361227335	0.2803347280334728	0.14086471408647142	0.0	-0.09049773755656108	0.26545454545454544	0.5230125523012552	0.5788005578800558
ind_1000_00000	ind_1000_00000	mRNA	965	0.6196891191709845	0.22487046632124352	0.3471502590673575	0.27253886010362693	0.15544041450777202	0.0	-0.12040133779264214	0.18256130790190736	0.49740932642487046	0.572020725388601
ind_1000_00001	ind_1000_00001	mRNA	965	0.6186528497409326	0.22487046632124352	0.3461139896373057	0.27253886010362693	0.15647668393782382	0.0	-0.11892797319932999	0.1793478260869565	0.49740932642487046	0.5709844559585492
ind_1000_00002	ind_1000_00002	mRNA	965	0.6196891191709845	0.22487046632124352	0.3471502590673575	0.27253886010362693	0.15544041450777202	0.0	-0.12040133779264214	0.18256130790190736	0.49740932642487046	0.572020725388601
ind_1000_00003	ind_1000_00003	mRNA	965	0.6207253886010363	0.22487046632124352	0.34818652849740933	0.27253886010362693	0.1544041450777202	0.0	-0.12186978297161936	0.18579234972677597	0.49740932642487046	0.5730569948186528
ind_1000_00004	ind_1000_00004	mRNA	965	0.6186528497409326	0.22487046632124352	0.3461139896373057	0.27253886010362693	0.15647668393782382	0.0	-0.11892797319932999	0.1793478260869565	0.49740932642487046	0.5709844559585492
ind_1000_00005	ind_1000_00005	mRNA	965	0.6217616580310881	0.22383419689119172	0.3461139896373057	0.2756476683937824	0.1544041450777202	0.0	-0.11333333333333333	0.18356164383561643	0.49948186528497407	0.5699481865284974
ind_1000_00006	ind_1000_00006	mRNA	965	0.6196891191709845	0.22487046632124352	0.34818652849740933	0.27150259067357513	0.15544041450777202	0.0	-0.12374581939799331	0.18256130790190736	0.49637305699481865	0.5730569948186528
ind_1000_00007	ind_1000_00007	mRNA	965	0.6217616580310881	0.22279792746113988	0.3461139896373057	0.2756476683937824	0.15544041450777202	0.0	-0.11333333333333333	0.1780821917808219	0.49844559585492226	0.5689119170984456
ind_1000_00008	ind_1000_00008	mRNA	965	0.6176165803108808	0.22694300518134716	0.3450777202072539	0.27253886010362693	0.15544041450777202	0.0	-0.1174496644295302	0.18699186991869918	0.49948186528497407	0.572020725388601
ind_1000_00009	ind_1000_00009	mRNA	965	0.6186528497409326	0.22590673575129533	0.3450777202072539	0.27357512953367874	0.15544041450777202	0.0	-0.11557788944723618	0.18478260869565216	0.49948186528497407	0.5709844559585492
ind_1000_00010	ind_1000_00010	mRNA	965	0.6176165803108808	0.22694300518134716	0.34196891191709844	0.2756476683937824	0.15544041450777202	0.0	-0.10738255033557047	0.18699186991869918	0.5025906735751295	0.5689119170984456
ind_1000_00011	ind_1000_00011	mRNA	965	0.616580310880829	0.22590673575129533	0.3461139896373057	0.2704663212435233	0.15751295336787566	0.0	-0.1226890756302521	0.1783783783783784	0.49637305699481865	0.572020725388601
ind_1000_00012	ind_1000_00012	mRNA	965	0.6186528497409326	0.22590673575129533	0.34818652849740933	0.2704663212435233	0.15544041450777202	0.0	-0.12562814070351758	0.18478260869565216	0.49637305699481865	0.5740932642487047
ind_1000_00013	ind_1000_00013	mRNA	965	0.6248704663212435	0.22072538860103627	0.3450777202072539	0.27979274611398963	0.1544041450777202	0.0	-0.1044776119402985	0.17679558011049723	0.5005181347150259	0.5658031088082901
ind_1000_00014	ind_1000_00014	mRNA	965	0.616580310880829	0.22901554404145077	0.34196891191709844	0.27461139896373055	0.1544041450777202	0.0	-0.1092436974789916	0.1945945945945946	0.5036269430051813	0.5709844559585492
ind_1000_00015	ind_1000_00015	mRNA	965	0.6186528497409326	0.22694300518134716	0.3461139896373057	0.27253886010362693	0.1544041450777202	0.0	-0.11892797319932999	0.19021739130434784	0.49948186528497407	0.5730569948186528
ind_1000_00016	ind_1000_00016	mRNA	965	0.6186528497409326	0.22072538860103627	0.3461139896373057	0.27253886010362693	0.16062176165803108	0.0	-0.11892797319932999	0.15760869565217392	0.49326424870466323	0.566839378238342
ind_1000_00017	ind_1000_00017	mRNA	965	0.6269430051813472	0.22176165803108808	0.34922279792746114	0.277720207253886	0.15129533678756477	0.0	-0.1140495867768595	0.18888888888888888	0.49948186528497407	0.5709844559585492
ind_1000_00018	ind_1000_00018	mRNA	965	0.6217616580310881	0.22072538860103627	0.3533678756476684	0.2683937823834197	0.15751295336787566	0.0	-0.13666666666666666	0.16712328767123288	0.48911917098445595	0.5740932642487047
ind_1000_00019	ind_1000_00019	mRNA	965	0.6207253886010363	0.22279792746113988	0.3471502590673575	0.27357512953367874	0.15647668393782382	0.0	-0.11853088480801335	0.17486338797814208	0.49637305699481865	0.5699481865284974
ind_1000_00020	ind_1000_00020	mRNA	965	0.6227979274611399	0.22590673575129533	0.35025906735751294	0.27253886010362693	0.15129533678756477	0.0	-0.12479201331114809	0.1978021978021978	0.49844559585492226	0.5761658031088083
ind_1000_00021	ind_1000_00021	mRNA	965	0.6196891191709845	0.23005181347150258	0.34922279792746114	0.2704663212435233	0.15025906735751296	0.0	-0.12709030100334448	0.2098092643051771	0.5005181347150259	0.5792746113989637
ind_1000_00022	ind_1000_00022	mRNA	965	0.6217616580310881	0.22487046632124352	0.34818652849740933	0.27357512953367874	0.1533678756476684	0.0	-0.12	0.18904109589041096	0.49844559585492226	0.5730569948186528
ind_1000_00023	ind_1000_00023	mRNA	965	0.6207253886010363	0.22383419689119172	0.34818652849740933	0.27253886010362693	0.15544041450777202	0.0	-0.12186978297161936	0.18032786885245902	0.49637305699481865	0.572020725388601
ind_1000_00024	ind_1000_00024	mRNA	965	0.616580310880829	0.22797927461139897	0.34093264248704663	0.2756476683937824	0.15544041450777202	0.0	-0.10588235294117647	0.1891891891891892	0.5036269430051813	0.5689119170984456
ind_1000_00025	ind_1000_00025	mRNA	965	0.616580310880829	0.22279792746113988	0.3461139896373057	0.2704663212435233	0.16062176165803108	0.0	-0.1226890756302521	0.16216216216216217	0.49326424870466323	0.5689119170984456
ind_1000_00026	ind_1000_00026	mRNA	965	0.6186528497409326	0.22487046632124352	0.3471502590673575	0.27150259067357513	0.15647668393782382	0.0	-0.12227805695142378	0.1793478260869565	0.49637305699481865	0.572020725388601
ind_1000_00027	ind_1000_00027	mRNA	965	0.6186528497409326	0.22383419689119172	0.34404145077720205	0.27461139896373055	0.15751295336787566	0.0	-0.11222780569514237	0.17391304347826086	0.49844559585492226	0.5678756476683938
ind_1000_00028	ind_1000_00028	mRNA	965	0.6196891191709845	0.22694300518134716	0.3450777202072539	0.27461139896373055	0.1533678756476684	0.0	-0.11371237458193979	0.19346049046321526	0.5015544041450777	0.572020725388601
ind_1000_00029	ind_1000_00029	mRNA	965	0.6196891191709845	0.22487046632124352	0.3450777202072539	0.27461139896373055	0.15544041450777202	0.0	-0.11371237458193979	0.18256130790190736	0.49948186528497407	0.5699481865284974
ind_1000_00030	ind_1000_00030	mRNA	965	0.6207253886010363	0.22383419689119172	0.3471502590673575	0.27357512953367874	0.15544041450777202	0.0	-0.11853088480801335	0.18032786885245902	0.49740932642487046	0.5709844559585492
ind_1000_00031	ind_1000_00031	mRNA	965	0.6176165803108808	0.22176165803108808	0.34196891191709844	0.2756476683937824	0.16062176165803108	0.0	-0.10738255033557047	0.15989159891598917	0.49740932642487046	0.5637305699481865
ind_1000_00032	ind_1000_00032	mRNA	965	0.6227979274611399	0.22279792746113988	0.34404145077720205	0.2787564766839378	0.1544041450777202	0.0	-0.1048252911813644	0.1813186813186813	0.5015544041450777	0.566839378238342
ind_1000_00033	ind_1000_00033	mRNA	965	0.6186528497409326	0.22590673575129533	0.3450777202072539	0.27357512953367874	0.15544041450777202	0.0	-0.11557788944723618	0.18478260869565216	0.49948186528497407	0.5709844559585492
ind_1000_00034	ind_1000_00034	mRNA	965	0.6134715025906736	0.22383419689119172	0.3461139896373057	0.26735751295336785	0.16269430051813472	0.0	-0.12837837837837837	0.1581769436997319	0.49119170984455957	0.5699481865284974
ind_1000_00035	ind_1000_00035	mRNA	965	0.6227979274611399	0.22279792746113988	0.35129533678756475	0.27150259067357513	0.1544041450777202	0.0	-0.1281198003327787	0.1813186813186813	0.49430051813471504	0.5740932642487047
ind_1000_00036	ind_1000_00036	mRNA	965	0.6259067357512953	0.21865284974093263	0.3544041450777202	0.27150259067357513	0.15544041450777202	0.0	-0.13245033112582782	0.16897506925207756	0.49015544041450776	0.5730569948186528
ind_1000_00037	ind_1000_00037	mRNA	965	0.6248704663212435	0.21865284974093263	0.34922279792746114	0.2756476683937824	0.15647668393782382	0.0	-0.11774461028192372	0.16574585635359115	0.49430051813471504	0.5678756476683938
ind_1000_00038	ind_1000_00038	mRNA	965	0.6196891191709845	0.22176165803108808	0.3450777202072539	0.27461139896373055	0.15854922279792746	0.0	-0.11371237458193979	0.16621253405994552	0.49637305699481865	0.566839378238342
ind_1000_00039	ind_1000_00039	mRNA	965	0.6176165803108808	0.22694300518134716	0.34404145077720205	0.27357512953367874	0.15544041450777202	0.0	-0.11409395973154363	0.18699186991869918	0.5005181347150259	0.5709844559585492
ind_1000_00040	ind_1000_00040	mRNA	965	0.6196891191709845	0.22487046632124352	0.3450777202072539	0.27461139896373055	0.15544041450777202	0.0	-0.11371237458193979	0.18256130790190736	0.49948186528497407	0.5699481865284974
ind_1000_00041	ind_1000_00041	mRNA	965	0.6227979274611399	0.22590673575129533	0.34818652849740933	0.27461139896373055	0.15129533678756477	0.0	-0.11813643926788686	0.1978021978021978	0.5005181347150259	0.5740932642487047
ind_1000_00042	ind_1000_00042	mRNA	965	0.6176165803108808	0.22797927461139897	0.3461139896373057	0.27150259067357513	0.1544041450777202	0.0	-0.12080536912751678	0.19241192411924118	0.49948186528497407	0.5740932642487047
ind_1000_00043	ind_1000_00043	mRNA	965	0.6176165803108808	0.22487046632124352	0.34404145077720205	0.27357512953367874	0.15751295336787566	0.0	-0.11409395973154363	0.17615176151761516	0.49844559585492226	0.5689119170984456
ind_1000_00044	ind_1000_00044	mRNA	965	0.6259067357512953	0.22176165803108808	0.34922279792746114	0.2766839378238342	0.15233160621761657	0.0	-0.11589403973509933	0.18559556786703602	0.49844559585492226	0.5709844559585492
ind_1000_00045	ind_1000_00045	mRNA	965	0.6176165803108808	0.22694300518134716	0.34818652849740933	0.2694300518134715	0.15544041450777202	0.0	-0.12751677852348994	0.18699186991869918	0.49637305699481865	0.5751295336787565
ind_1000_00046	ind_1000_00046	mRNA	965	0.6196891191709845	0.22383419689119172	0.3471502590673575	0.27253886010362693	0.15647668393782382	0.0	-0.12040133779264214	0.1771117166212534	0.49637305699481865	0.5709844559585492
ind_1000_00047	ind_1000_00047	mRNA	965	0.6196891191709845	0.22487046632124352	0.3471502590673575	0.27253886010362693	0.15544041450777202	0.0	-0.12040133779264214	0.18256130790190736	0.49740932642487046	0.572020725388601
ind_1000_00048	ind_1000_00048	mRNA	965	0.6186528497409326	0.22072538860103627	0.3461139896373057	0.27253886010362693	0.16062176165803108	0.0	-0.11892797319932999	0.15760869565217392	0.49326424870466323	0.566839378238342
ind_1000_00049	ind_1000_00049	mRNA	965	0.6176165803108808	0.22487046632124352	0.3450777202072539	0.27253886010362693	0.15751295336787566	0.0	-0.1174496644295302	0.17615176151761516	0.49740932642487046	0.5699481865284974
