0	ind_0027_00776	optimization_a7/af3_optimization/gen_0027/af3_jobs/inputs/ind_0027_00776.json	optimization_a7/af3_optimization/gen_0027/af3_output/ind_0027_00776
1	ind_0027_00901	optimization_a7/af3_optimization/gen_0027/af3_jobs/inputs/ind_0027_00901.json	optimization_a7/af3_optimization/gen_0027/af3_output/ind_0027_00901
2	ind_0027_00508	optimization_a7/af3_optimization/gen_0027/af3_jobs/inputs/ind_0027_00508.json	optimization_a7/af3_optimization/gen_0027/af3_output/ind_0027_00508
3	ind_0027_00424	optimization_a7/af3_optimization/gen_0027/af3_jobs/inputs/ind_0027_00424.json	optimization_a7/af3_optimization/gen_0027/af3_output/ind_0027_00424
4	ind_0027_00452	optimization_a7/af3_optimization/gen_0027/af3_jobs/inputs/ind_0027_00452.json	optimization_a7/af3_optimization/gen_0027/af3_output/ind_0027_00452
5	ind_0027_00727	optimization_a7/af3_optimization/gen_0027/af3_jobs/inputs/ind_0027_00727.json	optimization_a7/af3_optimization/gen_0027/af3_output/ind_0027_00727
6	ind_0027_00493	optimization_a7/af3_optimization/gen_0027/af3_jobs/inputs/ind_0027_00493.json	optimization_a7/af3_optimization/gen_0027/af3_output/ind_0027_00493
7	ind_0027_00009	optimization_a7/af3_optimization/gen_0027/af3_jobs/inputs/ind_0027_00009.json	optimization_a7/af3_optimization/gen_0027/af3_output/ind_0027_00009
8	ind_0027_00010	optimization_a7/af3_optimization/gen_0027/af3_jobs/inputs/ind_0027_00010.json	optimization_a7/af3_optimization/gen_0027/af3_output/ind_0027_00010
9	ind_0027_00012	optimization_a7/af3_optimization/gen_0027/af3_jobs/inputs/ind_0027_00012.json	optimization_a7/af3_optimization/gen_0027/af3_output/ind_0027_00012
10	ind_0027_00015	optimization_a7/af3_optimization/gen_0027/af3_jobs/inputs/ind_0027_00015.json	optimization_a7/af3_optimization/gen_0027/af3_output/ind_0027_00015
11	ind_0027_00016	optimization_a7/af3_optimization/gen_0027/af3_jobs/inputs/ind_0027_00016.json	optimization_a7/af3_optimization/gen_0027/af3_output/ind_0027_00016
12	ind_0027_00018	optimization_a7/af3_optimization/gen_0027/af3_jobs/inputs/ind_0027_00018.json	optimization_a7/af3_optimization/gen_0027/af3_output/ind_0027_00018
13	ind_0027_00022	optimization_a7/af3_optimization/gen_0027/af3_jobs/inputs/ind_0027_00022.json	optimization_a7/af3_optimization/gen_0027/af3_output/ind_0027_00022
14	ind_0027_00024	optimization_a7/af3_optimization/gen_0027/af3_jobs/inputs/ind_0027_00024.json	optimization_a7/af3_optimization/gen_0027/af3_output/ind_0027_00024
15	ind_0027_00026	optimization_a7/af3_optimization/gen_0027/af3_jobs/inputs/ind_0027_00026.json	optimization_a7/af3_optimization/gen_0027/af3_output/ind_0027_00026
16	ind_0027_00029	optimization_a7/af3_optimization/gen_0027/af3_jobs/inputs/ind_0027_00029.json	optimization_a7/af3_optimization/gen_0027/af3_output/ind_0027_00029
17	ind_0027_00030	optimization_a7/af3_optimization/gen_0027/af3_jobs/inputs/ind_0027_00030.json	optimization_a7/af3_optimization/gen_0027/af3_output/ind_0027_00030
18	ind_0027_00033	optimization_a7/af3_optimization/gen_0027/af3_jobs/inputs/ind_0027_00033.json	optimization_a7/af3_optimization/gen_0027/af3_output/ind_0027_00033
19	ind_0027_00036	optimization_a7/af3_optimization/gen_0027/af3_jobs/inputs/ind_0027_00036.json	optimization_a7/af3_optimization/gen_0027/af3_output/ind_0027_00036
20	ind_0027_00039	optimization_a7/af3_optimization/gen_0027/af3_jobs/inputs/ind_0027_00039.json	optimization_a7/af3_optimization/gen_0027/af3_output/ind_0027_00039
21	ind_0027_00040	optimization_a7/af3_optimization/gen_0027/af3_jobs/inputs/ind_0027_00040.json	optimization_a7/af3_optimization/gen_0027/af3_output/ind_0027_00040
22	ind_0027_00041	optimization_a7/af3_optimization/gen_0027/af3_jobs/inputs/ind_0027_00041.json	optimization_a7/af3_optimization/gen_0027/af3_output/ind_0027_00041
23	ind_0027_00045	optimization_a7/af3_optimization/gen_0027/af3_jobs/inputs/ind_0027_00045.json	optimization_a7/af3_optimization/gen_0027/af3_output/ind_0027_00045
24	ind_0027_00046	optimization_a7/af3_optimization/gen_0027/af3_jobs/inputs/ind_0027_00046.json	optimization_a7/af3_optimization/gen_0027/af3_output/ind_0027_00046
25	ind_0027_00048	optimization_a7/af3_optimization/gen_0027/af3_jobs/inputs/ind_0027_00048.json	optimization_a7/af3_optimization/gen_0027/af3_output/ind_0027_00048
26	ind_0027_00050	optimization_a7/af3_optimization/gen_0027/af3_jobs/inputs/ind_0027_00050.json	optimization_a7/af3_optimization/gen_0027/af3_output/ind_0027_00050
27	ind_0027_00053	optimization_a7/af3_optimization/gen_0027/af3_jobs/inputs/ind_0027_00053.json	optimization_a7/af3_optimization/gen_0027/af3_output/ind_0027_00053
28	ind_0027_00058	optimization_a7/af3_optimization/gen_0027/af3_jobs/inputs/ind_0027_00058.json	optimization_a7/af3_optimization/gen_0027/af3_output/ind_0027_00058
29	ind_0027_00063	optimization_a7/af3_optimization/gen_0027/af3_jobs/inputs/ind_0027_00063.json	optimization_a7/af3_optimization/gen_0027/af3_output/ind_0027_00063
30	ind_0027_00066	optimization_a7/af3_optimization/gen_0027/af3_jobs/inputs/ind_0027_00066.json	optimization_a7/af3_optimization/gen_0027/af3_output/ind_0027_00066
31	ind_0027_00072	optimization_a7/af3_optimization/gen_0027/af3_jobs/inputs/ind_0027_00072.json	optimization_a7/af3_optimization/gen_0027/af3_output/ind_0027_00072
32	ind_0027_00077	optimization_a7/af3_optimization/gen_0027/af3_jobs/inputs/ind_0027_00077.json	optimization_a7/af3_optimization/gen_0027/af3_output/ind_0027_00077
33	ind_0027_00078	optimization_a7/af3_optimization/gen_0027/af3_jobs/inputs/ind_0027_00078.json	optimization_a7/af3_optimization/gen_0027/af3_output/ind_0027_00078
34	ind_0027_00080	optimization_a7/af3_optimization/gen_0027/af3_jobs/inputs/ind_0027_00080.json	optimization_a7/af3_optimization/gen_0027/af3_output/ind_0027_00080
35	ind_0027_00081	optimization_a7/af3_optimization/gen_0027/af3_jobs/inputs/ind_0027_00081.json	optimization_a7/af3_optimization/gen_0027/af3_output/ind_0027_00081
36	ind_0027_00082	optimization_a7/af3_optimization/gen_0027/af3_jobs/inputs/ind_0027_00082.json	optimization_a7/af3_optimization/gen_0027/af3_output/ind_0027_00082
37	ind_0027_00084	optimization_a7/af3_optimization/gen_0027/af3_jobs/inputs/ind_0027_00084.json	optimization_a7/af3_optimization/gen_0027/af3_output/ind_0027_00084
38	ind_0027_00085	optimization_a7/af3_optimization/gen_0027/af3_jobs/inputs/ind_0027_00085.json	optimization_a7/af3_optimization/gen_0027/af3_output/ind_0027_00085
39	ind_0027_00089	optimization_a7/af3_optimization/gen_0027/af3_jobs/inputs/ind_0027_00089.json	optimization_a7/af3_optimization/gen_0027/af3_output/ind_0027_00089
40	ind_0027_00091	optimization_a7/af3_optimization/gen_0027/af3_jobs/inputs/ind_0027_00091.json	optimization_a7/af3_optimization/gen_0027/af3_output/ind_0027_00091
41	ind_0027_00093	optimization_a7/af3_optimization/gen_0027/af3_jobs/inputs/ind_0027_00093.json	optimization_a7/af3_optimization/gen_0027/af3_output/ind_0027_00093
42	ind_0027_00097	optimization_a7/af3_optimization/gen_0027/af3_jobs/inputs/ind_0027_00097.json	optimization_a7/af3_optimization/gen_0027/af3_output/ind_0027_00097
43	ind_0027_00100	optimization_a7/af3_optimization/gen_0027/af3_jobs/inputs/ind_0027_00100.json	optimization_a7/af3_optimization/gen_0027/af3_output/ind_0027_00100
44	ind_0027_00101	optimization_a7/af3_optimization/gen_0027/af3_jobs/inputs/ind_0027_00101.json	optimization_a7/af3_optimization/gen_0027/af3_output/ind_0027_00101
45	ind_0027_00104	optimization_a7/af3_optimization/gen_0027/af3_jobs/inputs/ind_0027_00104.json	optimization_a7/af3_optimization/gen_0027/af3_output/ind_0027_00104
46	ind_0027_00106	optimization_a7/af3_optimization/gen_0027/af3_jobs/inputs/ind_0027_00106.json	optimization_a7/af3_optimization/gen_0027/af3_output/ind_0027_00106
47	ind_0027_00112	optimization_a7/af3_optimization/gen_0027/af3_jobs/inputs/ind_0027_00112.json	optimization_a7/af3_optimization/gen_0027/af3_output/ind_0027_00112
48	ind_0027_00116	optimization_a7/af3_optimization/gen_0027/af3_jobs/inputs/ind_0027_00116.json	optimization_a7/af3_optimization/gen_0027/af3_output/ind_0027_00116
49	ind_0027_00120	optimization_a7/af3_optimization/gen_0027/af3_jobs/inputs/ind_0027_00120.json	optimization_a7/af3_optimization/gen_0027/af3_output/ind_0027_00120
50	ind_0027_00122	optimization_a7/af3_optimization/gen_0027/af3_jobs/inputs/ind_0027_00122.json	optimization_a7/af3_optimization/gen_0027/af3_output/ind_0027_00122
51	ind_0027_00124	optimization_a7/af3_optimization/gen_0027/af3_jobs/inputs/ind_0027_00124.json	optimization_a7/af3_optimization/gen_0027/af3_output/ind_0027_00124
52	ind_0027_00125	optimization_a7/af3_optimization/gen_0027/af3_jobs/inputs/ind_0027_00125.json	optimization_a7/af3_optimization/gen_0027/af3_output/ind_0027_00125
53	ind_0027_00129	optimization_a7/af3_optimization/gen_0027/af3_jobs/inputs/ind_0027_00129.json	optimization_a7/af3_optimization/gen_0027/af3_output/ind_0027_00129
54	ind_0027_00131	optimization_a7/af3_optimization/gen_0027/af3_jobs/inputs/ind_0027_00131.json	optimization_a7/af3_optimization/gen_0027/af3_output/ind_0027_00131
55	ind_0027_00134	optimization_a7/af3_optimization/gen_0027/af3_jobs/inputs/ind_0027_00134.json	optimization_a7/af3_optimization/gen_0027/af3_output/ind_0027_00134
56	ind_0027_00135	optimization_a7/af3_optimization/gen_0027/af3_jobs/inputs/ind_0027_00135.json	optimization_a7/af3_optimization/gen_0027/af3_output/ind_0027_00135
57	ind_0027_00137	optimization_a7/af3_optimization/gen_0027/af3_jobs/inputs/ind_0027_00137.json	optimization_a7/af3_optimization/gen_0027/af3_output/ind_0027_00137
58	ind_0027_00140	optimization_a7/af3_optimization/gen_0027/af3_jobs/inputs/ind_0027_00140.json	optimization_a7/af3_optimization/gen_0027/af3_output/ind_0027_00140
59	ind_0027_00146	optimization_a7/af3_optimization/gen_0027/af3_jobs/inputs/ind_0027_00146.json	optimization_a7/af3_optimization/gen_0027/af3_output/ind_0027_00146
60	ind_0027_00151	optimization_a7/af3_optimization/gen_0027/af3_jobs/inputs/ind_0027_00151.json	optimization_a7/af3_optimization/gen_0027/af3_output/ind_0027_00151
61	ind_0027_00152	optimization_a7/af3_optimization/gen_0027/af3_jobs/inputs/ind_0027_00152.json	optimization_a7/af3_optimization/gen_0027/af3_output/ind_0027_00152
62	ind_0027_00154	optimization_a7/af3_optimization/gen_0027/af3_jobs/inputs/ind_0027_00154.json	optimization_a7/af3_optimization/gen_0027/af3_output/ind_0027_00154
63	ind_0027_00155	optimization_a7/af3_optimization/gen_0027/af3_jobs/inputs/ind_0027_00155.json	optimization_a7/af3_optimization/gen_0027/af3_output/ind_0027_00155
64	ind_0027_00160	optimization_a7/af3_optimization/gen_0027/af3_jobs/inputs/ind_0027_00160.json	optimization_a7/af3_optimization/gen_0027/af3_output/ind_0027_00160
65	ind_0027_00164	optimization_a7/af3_optimization/gen_0027/af3_jobs/inputs/ind_0027_00164.json	optimization_a7/af3_optimization/gen_0027/af3_output/ind_0027_00164
66	ind_0027_00165	optimization_a7/af3_optimization/gen_0027/af3_jobs/inputs/ind_0027_00165.json	optimization_a7/af3_optimization/gen_0027/af3_output/ind_0027_00165
67	ind_0027_00171	optimization_a7/af3_optimization/gen_0027/af3_jobs/inputs/ind_0027_00171.json	optimization_a7/af3_optimization/gen_0027/af3_output/ind_0027_00171
68	ind_0027_00173	optimization_a7/af3_optimization/gen_0027/af3_jobs/inputs/ind_0027_00173.json	optimization_a7/af3_optimization/gen_0027/af3_output/ind_0027_00173
69	ind_0027_00180	optimization_a7/af3_optimization/gen_0027/af3_jobs/inputs/ind_0027_00180.json	optimization_a7/af3_optimization/gen_0027/af3_output/ind_0027_00180
70	ind_0027_00183	optimization_a7/af3_optimization/gen_0027/af3_jobs/inputs/ind_0027_00183.json	optimization_a7/af3_optimization/gen_0027/af3_output/ind_0027_00183
71	ind_0027_00187	optimization_a7/af3_optimization/gen_0027/af3_jobs/inputs/ind_0027_00187.json	optimization_a7/af3_optimization/gen_0027/af3_output/ind_0027_00187
72	ind_0027_00191	optimization_a7/af3_optimization/gen_0027/af3_jobs/inputs/ind_0027_00191.json	optimization_a7/af3_optimization/gen_0027/af3_output/ind_0027_00191
73	ind_0027_00192	optimization_a7/af3_optimization/gen_0027/af3_jobs/inputs/ind_0027_00192.json	optimization_a7/af3_optimization/gen_0027/af3_output/ind_0027_00192
74	ind_0027_00193	optimization_a7/af3_optimization/gen_0027/af3_jobs/inputs/ind_0027_00193.json	optimization_a7/af3_optimization/gen_0027/af3_output/ind_0027_00193
75	ind_0027_00194	optimization_a7/af3_optimization/gen_0027/af3_jobs/inputs/ind_0027_00194.json	optimization_a7/af3_optimization/gen_0027/af3_output/ind_0027_00194
76	ind_0027_00195	optimization_a7/af3_optimization/gen_0027/af3_jobs/inputs/ind_0027_00195.json	optimization_a7/af3_optimization/gen_0027/af3_output/ind_0027_00195
77	ind_0027_00199	optimization_a7/af3_optimization/gen_0027/af3_jobs/inputs/ind_0027_00199.json	optimization_a7/af3_optimization/gen_0027/af3_output/ind_0027_00199
78	ind_0027_00206	optimization_a7/af3_optimization/gen_0027/af3_jobs/inputs/ind_0027_00206.json	optimization_a7/af3_optimization/gen_0027/af3_output/ind_0027_00206
79	ind_0027_00208	optimization_a7/af3_optimization/gen_0027/af3_jobs/inputs/ind_0027_00208.json	optimization_a7/af3_optimization/gen_0027/af3_output/ind_0027_00208
80	ind_0027_00210	optimization_a7/af3_optimization/gen_0027/af3_jobs/inputs/ind_0027_00210.json	optimization_a7/af3_optimization/gen_0027/af3_output/ind_0027_00210
81	ind_0027_00211	optimization_a7/af3_optimization/gen_0027/af3_jobs/inputs/ind_0027_00211.json	optimization_a7/af3_optimization/gen_0027/af3_output/ind_0027_00211
82	ind_0027_00212	optimization_a7/af3_optimization/gen_0027/af3_jobs/inputs/ind_0027_00212.json	optimization_a7/af3_optimization/gen_0027/af3_output/ind_0027_00212
83	ind_0027_00214	optimization_a7/af3_optimization/gen_0027/af3_jobs/inputs/ind_0027_00214.json	optimization_a7/af3_optimization/gen_0027/af3_output/ind_0027_00214
84	ind_0027_00216	optimization_a7/af3_optimization/gen_0027/af3_jobs/inputs/ind_0027_00216.json	optimization_a7/af3_optimization/gen_0027/af3_output/ind_0027_00216
85	ind_0027_00222	optimization_a7/af3_optimization/gen_0027/af3_jobs/inputs/ind_0027_00222.json	optimization_a7/af3_optimization/gen_0027/af3_output/ind_0027_00222
86	ind_0027_00225	optimization_a7/af3_optimization/gen_0027/af3_jobs/inputs/ind_0027_00225.json	optimization_a7/af3_optimization/gen_0027/af3_output/ind_0027_00225
87	ind_0027_00230	optimization_a7/af3_optimization/gen_0027/af3_jobs/inputs/ind_0027_00230.json	optimization_a7/af3_optimization/gen_0027/af3_output/ind_0027_00230
88	ind_0027_00231	optimization_a7/af3_optimization/gen_0027/af3_jobs/inputs/ind_0027_00231.json	optimization_a7/af3_optimization/gen_0027/af3_output/ind_0027_00231
89	ind_0027_00233	optimization_a7/af3_optimization/gen_0027/af3_jobs/inputs/ind_0027_00233.json	optimization_a7/af3_optimization/gen_0027/af3_output/ind_0027_00233
90	ind_0027_00234	optimization_a7/af3_optimization/gen_0027/af3_jobs/inputs/ind_0027_00234.json	optimization_a7/af3_optimization/gen_0027/af3_output/ind_0027_00234
91	ind_0027_00237	optimization_a7/af3_optimization/gen_0027/af3_jobs/inputs/ind_0027_00237.json	optimization_a7/af3_optimization/gen_0027/af3_output/ind_0027_00237
92	ind_0027_00238	optimization_a7/af3_optimization/gen_0027/af3_jobs/inputs/ind_0027_00238.json	optimization_a7/af3_optimization/gen_0027/af3_output/ind_0027_00238
93	ind_0027_00239	optimization_a7/af3_optimization/gen_0027/af3_jobs/inputs/ind_0027_00239.json	optimization_a7/af3_optimization/gen_0027/af3_output/ind_0027_00239
94	ind_0027_00240	optimization_a7/af3_optimization/gen_0027/af3_jobs/inputs/ind_0027_00240.json	optimization_a7/af3_optimization/gen_0027/af3_output/ind_0027_00240
95	ind_0027_00241	optimization_a7/af3_optimization/gen_0027/af3_jobs/inputs/ind_0027_00241.json	optimization_a7/af3_optimization/gen_0027/af3_output/ind_0027_00241
96	ind_0027_00246	optimization_a7/af3_optimization/gen_0027/af3_jobs/inputs/ind_0027_00246.json	optimization_a7/af3_optimization/gen_0027/af3_output/ind_0027_00246
97	ind_0027_00247	optimization_a7/af3_optimization/gen_0027/af3_jobs/inputs/ind_0027_00247.json	optimization_a7/af3_optimization/gen_0027/af3_output/ind_0027_00247
98	ind_0027_00250	optimization_a7/af3_optimization/gen_0027/af3_jobs/inputs/ind_0027_00250.json	optimization_a7/af3_optimization/gen_0027/af3_output/ind_0027_00250
99	ind_0027_00251	optimization_a7/af3_optimization/gen_0027/af3_jobs/inputs/ind_0027_00251.json	optimization_a7/af3_optimization/gen_0027/af3_output/ind_0027_00251
