seqname	gene_id	transcript_id	region	length	selection_reason	short_utrs
ENSG00000162585_ENST00000378546.9_mRNA	ENSG00000162585	ENST00000378546.9	mRNA	727	MANE_Select	true
ENSG00000162585_ENST00000378546.9_CDS	ENSG00000162585	ENST00000378546.9	CDS	543	MANE_Select	true
ENSG00000162585_ENST00000378546.9_5UTR	ENSG00000162585	ENST00000378546.9	5UTR	23	MANE_Select	true
ENSG00000162585_ENST00000378546.9_3UTR	ENSG00000162585	ENST00000378546.9	3UTR	161	MANE_Select	true
ENSG00000162585_ENST00000378546.9_start_codon_region	ENSG00000162585	ENST00000378546.9	start_codon_region	56	MANE_Select	true
ENSG00000162585_ENST00000378546.9_stop_codon_region	ENSG00000162585	ENST00000378546.9	stop_codon_region	63	MANE_Select	true
ENSG00000162585_ENST00000378546.9_tail_region	ENSG00000162585	ENST00000378546.9	tail_region	100	MANE_Select	true
ENSG00000162585_ENST00000378546.9_UTR_pair	ENSG00000162585	ENST00000378546.9	UTR_pair	191	MANE_Select	true
ENSG00000116649_ENST00000376957.7_mRNA	ENSG00000116649	ENST00000376957.7	mRNA	1260	MANE_Select	false
ENSG00000116649_ENST00000376957.7_CDS	ENSG00000116649	ENST00000376957.7	CDS	909	MANE_Select	false
ENSG00000116649_ENST00000376957.7_5UTR	ENSG00000116649	ENST00000376957.7	5UTR	75	MANE_Select	false
ENSG00000116649_ENST00000376957.7_3UTR	ENSG00000116649	ENST00000376957.7	3UTR	276	MANE_Select	false
ENSG00000116649_ENST00000376957.7_start_codon_region	ENSG00000116649	ENST00000376957.7	start_codon_region	63	MANE_Select	false
ENSG00000116649_ENST00000376957.7_stop_codon_region	ENSG00000116649	ENST00000376957.7	stop_codon_region	63	MANE_Select	false
ENSG00000116649_ENST00000376957.7_tail_region	ENSG00000116649	ENST00000376957.7	tail_region	100	MANE_Select	false
ENSG00000116649_ENST00000376957.7_UTR_pair	ENSG00000116649	ENST00000376957.7	UTR_pair	358	MANE_Select	false
ENSG00000168528_ENST00000373709.8_mRNA	ENSG00000168528	ENST00000373709.8	mRNA	1900	MANE_Select	false
ENSG00000168528_ENST00000373709.8_CDS	ENSG00000168528	ENST00000373709.8	CDS	1368	MANE_Select	false
ENSG00000168528_ENST00000373709.8_5UTR	ENSG00000168528	ENST00000373709.8	5UTR	53	MANE_Select	false
ENSG00000168528_ENST00000373709.8_3UTR	ENSG00000168528	ENST00000373709.8	3UTR	479	MANE_Select	false
ENSG00000168528_ENST00000373709.8_start_codon_region	ENSG00000168528	ENST00000373709.8	start_codon_region	63	MANE_Select	false
ENSG00000168528_ENST00000373709.8_stop_codon_region	ENSG00000168528	ENST00000373709.8	stop_codon_region	63	MANE_Select	false
ENSG00000168528_ENST00000373709.8_tail_region	ENSG00000168528	ENST00000373709.8	tail_region	100	MANE_Select	false
ENSG00000168528_ENST00000373709.8_UTR_pair	ENSG00000168528	ENST00000373709.8	UTR_pair	539	MANE_Select	false
ENSG00000162600_ENST00000371226.8_mRNA	ENSG00000162600	ENST00000371226.8	mRNA	1861	MANE_Select	false
ENSG00000162600_ENST00000371226.8_CDS	ENSG00000162600	ENST00000371226.8	CDS	1575	MANE_Select	false
ENSG00000162600_ENST00000371226.8_5UTR	ENSG00000162600	ENST00000371226.8	5UTR	40	MANE_Select	false
ENSG00000162600_ENST00000371226.8_3UTR	ENSG00000162600	ENST00000371226.8	3UTR	246	MANE_Select	false
ENSG00000162600_ENST00000371226.8_start_codon_region	ENSG00000162600	ENST00000371226.8	start_codon_region	63	MANE_Select	false
ENSG00000162600_ENST00000371226.8_stop_codon_region	ENSG00000162600	ENST00000371226.8	stop_codon_region	63	MANE_Select	false
ENSG00000162600_ENST00000371226.8_tail_region	ENSG00000162600	ENST00000371226.8	tail_region	100	MANE_Select	false
ENSG00000162600_ENST00000371226.8_UTR_pair	ENSG00000162600	ENST00000371226.8	UTR_pair	293	MANE_Select	false
ENSG00000174842_ENST00000370360.8_mRNA	ENSG00000174842	ENST00000370360.8	mRNA	2006	MANE_Select	false
ENSG00000174842_ENST00000370360.8_CDS	ENSG00000174842	ENST00000370360.8	CDS	1785	MANE_Select	false
ENSG00000174842_ENST00000370360.8_5UTR	ENSG00000174842	ENST00000370360.8	5UTR	93	MANE_Select	false
ENSG00000174842_ENST00000370360.8_3UTR	ENSG00000174842	ENST00000370360.8	3UTR	128	MANE_Select	false
ENSG00000174842_ENST00000370360.8_start_codon_region	ENSG00000174842	ENST00000370360.8	start_codon_region	63	MANE_Select	false
ENSG00000174842_ENST00000370360.8_stop_codon_region	ENSG00000174842	ENST00000370360.8	stop_codon_region	63	MANE_Select	false
ENSG00000174842_ENST00000370360.8_tail_region	ENSG00000174842	ENST00000370360.8	tail_region	100	MANE_Select	false
ENSG00000174842_ENST00000370360.8_UTR_pair	ENSG00000174842	ENST00000370360.8	UTR_pair	228	MANE_Select	false
ENSG00000118292_ENST00000369099.8_mRNA	ENSG00000118292	ENST00000369099.8	mRNA	509	MANE_Select	true
ENSG00000118292_ENST00000369099.8_CDS	ENSG00000118292	ENST00000369099.8	CDS	396	MANE_Select	true
ENSG00000118292_ENST00000369099.8_5UTR	ENSG00000118292	ENST00000369099.8	5UTR	28	MANE_Select	true
ENSG00000118292_ENST00000369099.8_3UTR	ENSG00000118292	ENST00000369099.8	3UTR	85	MANE_Select	true
ENSG00000118292_ENST00000369099.8_start_codon_region	ENSG00000118292	ENST00000369099.8	start_codon_region	61	MANE_Select	true
ENSG00000118292_ENST00000369099.8_stop_codon_region	ENSG00000118292	ENST00000369099.8	stop_codon_region	63	MANE_Select	true
ENSG00000118292_ENST00000369099.8_tail_region	ENSG00000118292	ENST00000369099.8	tail_region	100	MANE_Select	true
ENSG00000118292_ENST00000369099.8_UTR_pair	ENSG00000118292	ENST00000369099.8	UTR_pair	120	MANE_Select	true
ENSG00000143569_ENST00000428931.6_mRNA	ENSG00000143569	ENST00000428931.6	mRNA	3877	MANE_Select	false
ENSG00000143569_ENST00000428931.6_CDS	ENSG00000143569	ENST00000428931.6	CDS	3264	MANE_Select	false
ENSG00000143569_ENST00000428931.6_5UTR	ENSG00000143569	ENST00000428931.6	5UTR	61	MANE_Select	false
ENSG00000143569_ENST00000428931.6_3UTR	ENSG00000143569	ENST00000428931.6	3UTR	552	MANE_Select	false
ENSG00000143569_ENST00000428931.6_start_codon_region	ENSG00000143569	ENST00000428931.6	start_codon_region	63	MANE_Select	false
ENSG00000143569_ENST00000428931.6_stop_codon_region	ENSG00000143569	ENST00000428931.6	stop_codon_region	63	MANE_Select	false
ENSG00000143569_ENST00000428931.6_tail_region	ENSG00000143569	ENST00000428931.6	tail_region	100	MANE_Select	false
ENSG00000143569_ENST00000428931.6_UTR_pair	ENSG00000143569	ENST00000428931.6	UTR_pair	620	MANE_Select	false
ENSG00000000971_ENST00000367429.9_mRNA	ENSG00000000971	ENST00000367429.9	mRNA	3962	MANE_Select	false
ENSG00000000971_ENST00000367429.9_CDS	ENSG00000000971	ENST00000367429.9	CDS	3696	MANE_Select	false
ENSG00000000971_ENST00000367429.9_5UTR	ENSG00000000971	ENST00000367429.9	5UTR	75	MANE_Select	false
ENSG00000000971_ENST00000367429.9_3UTR	ENSG00000000971	ENST00000367429.9	3UTR	191	MANE_Select	false
ENSG00000000971_ENST00000367429.9_start_codon_region	ENSG00000000971	ENST00000367429.9	start_codon_region	63	MANE_Select	false
ENSG00000000971_ENST00000367429.9_stop_codon_region	ENSG00000000971	ENST00000367429.9	stop_codon_region	63	MANE_Select	false
ENSG00000000971_ENST00000367429.9_tail_region	ENSG00000000971	ENST00000367429.9	tail_region	100	MANE_Select	false
ENSG00000000971_ENST00000367429.9_UTR_pair	ENSG00000000971	ENST00000367429.9	UTR_pair	273	MANE_Select	false
ENSG00000173409_ENST00000310256.7_mRNA	ENSG00000173409	ENST00000310256.7	mRNA	1428	MANE_Select	true
ENSG00000173409_ENST00000310256.7_CDS	ENSG00000173409	ENST00000310256.7	CDS	816	MANE_Select	true
ENSG00000173409_ENST00000310256.7_5UTR	ENSG00000173409	ENST00000310256.7	5UTR	12	MANE_Select	true
ENSG00000173409_ENST00000310256.7_3UTR	ENSG00000173409	ENST00000310256.7	3UTR	600	MANE_Select	true
ENSG00000173409_ENST00000310256.7_start_codon_region	ENSG00000173409	ENST00000310256.7	start_codon_region	45	MANE_Select	true
ENSG00000173409_ENST00000310256.7_stop_codon_region	ENSG00000173409	ENST00000310256.7	stop_codon_region	63	MANE_Select	true
ENSG00000173409_ENST00000310256.7_tail_region	ENSG00000173409	ENST00000310256.7	tail_region	100	MANE_Select	true
ENSG00000173409_ENST00000310256.7_UTR_pair	ENSG00000173409	ENST00000310256.7	UTR_pair	619	MANE_Select	true
ENSG00000188739_ENST00000408888.8_mRNA	ENSG00000188739	ENST00000408888.8	mRNA	1847	MANE_Select	true
ENSG00000188739_ENST00000408888.8_CDS	ENSG00000188739	ENST00000408888.8	CDS	1293	MANE_Select	true
ENSG00000188739_ENST00000408888.8_5UTR	ENSG00000188739	ENST00000408888.8	5UTR	24	MANE_Select	true
ENSG00000188739_ENST00000408888.8_3UTR	ENSG00000188739	ENST00000408888.8	3UTR	530	MANE_Select	true
ENSG00000188739_ENST00000408888.8_start_codon_region	ENSG00000188739	ENST00000408888.8	start_codon_region	57	MANE_Select	true
ENSG00000188739_ENST00000408888.8_stop_codon_region	ENSG00000188739	ENST00000408888.8	stop_codon_region	63	MANE_Select	true
ENSG00000188739_ENST00000408888.8_tail_region	ENSG00000188739	ENST00000408888.8	tail_region	100	MANE_Select	true
ENSG00000188739_ENST00000408888.8_UTR_pair	ENSG00000188739	ENST00000408888.8	UTR_pair	561	MANE_Select	true
ENSG00000163001_ENST00000349456.9_mRNA	ENSG00000163001	ENST00000349456.9	mRNA	1184	MANE_Select	false
ENSG00000163001_ENST00000349456.9_CDS	ENSG00000163001	ENST00000349456.9	CDS	1029	MANE_Select	false
ENSG00000163001_ENST00000349456.9_5UTR	ENSG00000163001	ENST00000349456.9	5UTR	84	MANE_Select	false
ENSG00000163001_ENST00000349456.9_3UTR	ENSG00000163001	ENST00000349456.9	3UTR	71	MANE_Select	false
ENSG00000163001_ENST00000349456.9_start_codon_region	ENSG00000163001	ENST00000349456.9	start_codon_region	63	MANE_Select	false
ENSG00000163001_ENST00000349456.9_stop_codon_region	ENSG00000163001	ENST00000349456.9	stop_codon_region	63	MANE_Select	false
ENSG00000163001_ENST00000349456.9_tail_region	ENSG00000163001	ENST00000349456.9	tail_region	100	MANE_Select	false
ENSG00000163001_ENST00000349456.9_UTR_pair	ENSG00000163001	ENST00000349456.9	UTR_pair	162	MANE_Select	false
ENSG00000124370_ENST00000244217.6_mRNA	ENSG00000124370	ENST00000244217.6	mRNA	824	MANE_Select	true
ENSG00000124370_ENST00000244217.6_CDS	ENSG00000124370	ENST00000244217.6	CDS	531	MANE_Select	true
ENSG00000124370_ENST00000244217.6_5UTR	ENSG00000124370	ENST00000244217.6	5UTR	10	MANE_Select	true
ENSG00000124370_ENST00000244217.6_3UTR	ENSG00000124370	ENST00000244217.6	3UTR	283	MANE_Select	true
ENSG00000124370_ENST00000244217.6_start_codon_region	ENSG00000124370	ENST00000244217.6	start_codon_region	43	MANE_Select	true
ENSG00000124370_ENST00000244217.6_stop_codon_region	ENSG00000124370	ENST00000244217.6	stop_codon_region	63	MANE_Select	true
ENSG00000124370_ENST00000244217.6_tail_region	ENSG00000124370	ENST00000244217.6	tail_region	100	MANE_Select	true
ENSG00000124370_ENST00000244217.6_UTR_pair	ENSG00000124370	ENST00000244217.6	UTR_pair	300	MANE_Select	true
ENSG00000124383_ENST00000244230.7_mRNA	ENSG00000124383	ENST00000244230.7	mRNA	2164	MANE_Select	false
ENSG00000124383_ENST00000244230.7_CDS	ENSG00000124383	ENST00000244230.7	CDS	2046	MANE_Select	false
ENSG00000124383_ENST00000244230.7_5UTR	ENSG00000124383	ENST00000244230.7	5UTR	32	MANE_Select	false
ENSG00000124383_ENST00000244230.7_3UTR	ENSG00000124383	ENST00000244230.7	3UTR	86	MANE_Select	false
ENSG00000124383_ENST00000244230.7_start_codon_region	ENSG00000124383	ENST00000244230.7	start_codon_region	63	MANE_Select	false
ENSG00000124383_ENST00000244230.7_stop_codon_region	ENSG00000124383	ENST00000244230.7	stop_codon_region	63	MANE_Select	false
ENSG00000124383_ENST00000244230.7_tail_region	ENSG00000124383	ENST00000244230.7	tail_region	100	MANE_Select	false
ENSG00000124383_ENST00000244230.7_UTR_pair	ENSG00000124383	ENST00000244230.7	UTR_pair	125	MANE_Select	false
ENSG00000158411_ENST00000289359.6_mRNA	ENSG00000158411	ENST00000289359.6	mRNA	939	MANE_Select	false
ENSG00000158411_ENST00000289359.6_CDS	ENSG00000158411	ENST00000289359.6	CDS	750	MANE_Select	false
ENSG00000158411_ENST00000289359.6_5UTR	ENSG00000158411	ENST00000289359.6	5UTR	77	MANE_Select	false
ENSG00000158411_ENST00000289359.6_3UTR	ENSG00000158411	ENST00000289359.6	3UTR	112	MANE_Select	false
ENSG00000158411_ENST00000289359.6_start_codon_region	ENSG00000158411	ENST00000289359.6	start_codon_region	63	MANE_Select	false
ENSG00000158411_ENST00000289359.6_stop_codon_region	ENSG00000158411	ENST00000289359.6	stop_codon_region	63	MANE_Select	false
ENSG00000158411_ENST00000289359.6_tail_region	ENSG00000158411	ENST00000289359.6	tail_region	100	MANE_Select	false
ENSG00000158411_ENST00000289359.6_UTR_pair	ENSG00000158411	ENST00000289359.6	UTR_pair	196	MANE_Select	false
ENSG00000075884_ENST00000295095.11_mRNA	ENSG00000075884	ENST00000295095.11	mRNA	1670	MANE_Select	false
ENSG00000075884_ENST00000295095.11_CDS	ENSG00000075884	ENST00000295095.11	CDS	1428	MANE_Select	false
ENSG00000075884_ENST00000295095.11_5UTR	ENSG00000075884	ENST00000295095.11	5UTR	62	MANE_Select	false
ENSG00000075884_ENST00000295095.11_3UTR	ENSG00000075884	ENST00000295095.11	3UTR	180	MANE_Select	false
ENSG00000075884_ENST00000295095.11_start_codon_region	ENSG00000075884	ENST00000295095.11	start_codon_region	63	MANE_Select	false
ENSG00000075884_ENST00000295095.11_stop_codon_region	ENSG00000075884	ENST00000295095.11	stop_codon_region	63	MANE_Select	false
ENSG00000075884_ENST00000295095.11_tail_region	ENSG00000075884	ENST00000295095.11	tail_region	100	MANE_Select	false
ENSG00000075884_ENST00000295095.11_UTR_pair	ENSG00000075884	ENST00000295095.11	UTR_pair	249	MANE_Select	false
ENSG00000163072_ENST00000317647.12_mRNA	ENSG00000163072	ENST00000317647.12	mRNA	2075	MANE_Select	true
ENSG00000163072_ENST00000317647.12_CDS	ENSG00000163072	ENST00000317647.12	CDS	1521	MANE_Select	true
ENSG00000163072_ENST00000317647.12_5UTR	ENSG00000163072	ENST00000317647.12	5UTR	10	MANE_Select	true
ENSG00000163072_ENST00000317647.12_3UTR	ENSG00000163072	ENST00000317647.12	3UTR	544	MANE_Select	true
ENSG00000163072_ENST00000317647.12_start_codon_region	ENSG00000163072	ENST00000317647.12	start_codon_region	43	MANE_Select	true
ENSG00000163072_ENST00000317647.12_stop_codon_region	ENSG00000163072	ENST00000317647.12	stop_codon_region	63	MANE_Select	true
ENSG00000163072_ENST00000317647.12_tail_region	ENSG00000163072	ENST00000317647.12	tail_region	100	MANE_Select	true
ENSG00000163072_ENST00000317647.12_UTR_pair	ENSG00000163072	ENST00000317647.12	UTR_pair	561	MANE_Select	true
ENSG00000172053_ENST00000306125.12_mRNA	ENSG00000172053	ENST00000306125.12	mRNA	2449	MANE_Select	true
ENSG00000172053_ENST00000306125.12_CDS	ENSG00000172053	ENST00000306125.12	CDS	2328	MANE_Select	true
ENSG00000172053_ENST00000306125.12_5UTR	ENSG00000172053	ENST00000306125.12	5UTR	24	MANE_Select	true
ENSG00000172053_ENST00000306125.12_3UTR	ENSG00000172053	ENST00000306125.12	3UTR	97	MANE_Select	true
ENSG00000172053_ENST00000306125.12_start_codon_region	ENSG00000172053	ENST00000306125.12	start_codon_region	57	MANE_Select	true
ENSG00000172053_ENST00000306125.12_stop_codon_region	ENSG00000172053	ENST00000306125.12	stop_codon_region	63	MANE_Select	true
ENSG00000172053_ENST00000306125.12_tail_region	ENSG00000172053	ENST00000306125.12	tail_region	100	MANE_Select	true
ENSG00000172053_ENST00000306125.12_UTR_pair	ENSG00000172053	ENST00000306125.12	UTR_pair	128	MANE_Select	true
ENSG00000163634_ENST00000295899.10_mRNA	ENSG00000163634	ENST00000295899.10	mRNA	892	MANE_Select	true
ENSG00000163634_ENST00000295899.10_CDS	ENSG00000163634	ENST00000295899.10	CDS	615	MANE_Select	true
ENSG00000163634_ENST00000295899.10_5UTR	ENSG00000163634	ENST00000295899.10	5UTR	15	MANE_Select	true
ENSG00000163634_ENST00000295899.10_3UTR	ENSG00000163634	ENST00000295899.10	3UTR	262	MANE_Select	true
ENSG00000163634_ENST00000295899.10_start_codon_region	ENSG00000163634	ENST00000295899.10	start_codon_region	48	MANE_Select	true
ENSG00000163634_ENST00000295899.10_stop_codon_region	ENSG00000163634	ENST00000295899.10	stop_codon_region	63	MANE_Select	true
ENSG00000163634_ENST00000295899.10_tail_region	ENSG00000163634	ENST00000295899.10	tail_region	100	MANE_Select	true
ENSG00000163634_ENST00000295899.10_UTR_pair	ENSG00000163634	ENST00000295899.10	UTR_pair	284	MANE_Select	true
ENSG00000145088_ENST00000273668.7_mRNA	ENSG00000145088	ENST00000273668.7	mRNA	998	MANE_Select	false
ENSG00000145088_ENST00000273668.7_CDS	ENSG00000145088	ENST00000273668.7	CDS	783	MANE_Select	false
ENSG00000145088_ENST00000273668.7_5UTR	ENSG00000145088	ENST00000273668.7	5UTR	77	MANE_Select	false
ENSG00000145088_ENST00000273668.7_3UTR	ENSG00000145088	ENST00000273668.7	3UTR	138	MANE_Select	false
ENSG00000145088_ENST00000273668.7_start_codon_region	ENSG00000145088	ENST00000273668.7	start_codon_region	63	MANE_Select	false
ENSG00000145088_ENST00000273668.7_stop_codon_region	ENSG00000145088	ENST00000273668.7	stop_codon_region	63	MANE_Select	false
ENSG00000145088_ENST00000273668.7_tail_region	ENSG00000145088	ENST00000273668.7	tail_region	100	MANE_Select	false
ENSG00000145088_ENST00000273668.7_UTR_pair	ENSG00000145088	ENST00000273668.7	UTR_pair	222	MANE_Select	false
ENSG00000114631_ENST00000342480.7_mRNA	ENSG00000114631	ENST00000342480.7	mRNA	2175	MANE_Select	false
ENSG00000114631_ENST00000342480.7_CDS	ENSG00000114631	ENST00000342480.7	CDS	1818	MANE_Select	false
ENSG00000114631_ENST00000342480.7_5UTR	ENSG00000114631	ENST00000342480.7	5UTR	35	MANE_Select	false
ENSG00000114631_ENST00000342480.7_3UTR	ENSG00000114631	ENST00000342480.7	3UTR	322	MANE_Select	false
ENSG00000114631_ENST00000342480.7_start_codon_region	ENSG00000114631	ENST00000342480.7	start_codon_region	63	MANE_Select	false
ENSG00000114631_ENST00000342480.7_stop_codon_region	ENSG00000114631	ENST00000342480.7	stop_codon_region	63	MANE_Select	false
ENSG00000114631_ENST00000342480.7_tail_region	ENSG00000114631	ENST00000342480.7	tail_region	100	MANE_Select	false
ENSG00000114631_ENST00000342480.7_UTR_pair	ENSG00000114631	ENST00000342480.7	UTR_pair	364	MANE_Select	false
ENSG00000132394_ENST00000254730.11_mRNA	ENSG00000132394	ENST00000254730.11	mRNA	2205	MANE_Select	true
ENSG00000132394_ENST00000254730.11_CDS	ENSG00000132394	ENST00000254730.11	CDS	1791	MANE_Select	true
ENSG00000132394_ENST00000254730.11_5UTR	ENSG00000132394	ENST00000254730.11	5UTR	27	MANE_Select	true
ENSG00000132394_ENST00000254730.11_3UTR	ENSG00000132394	ENST00000254730.11	3UTR	387	MANE_Select	true
ENSG00000132394_ENST00000254730.11_start_codon_region	ENSG00000132394	ENST00000254730.11	start_codon_region	60	MANE_Select	true
ENSG00000132394_ENST00000254730.11_stop_codon_region	ENSG00000132394	ENST00000254730.11	stop_codon_region	63	MANE_Select	true
ENSG00000132394_ENST00000254730.11_tail_region	ENSG00000132394	ENST00000254730.11	tail_region	100	MANE_Select	true
ENSG00000132394_ENST00000254730.11_UTR_pair	ENSG00000132394	ENST00000254730.11	UTR_pair	421	MANE_Select	true
ENSG00000136522_ENST00000476781.6_mRNA	ENSG00000136522	ENST00000476781.6	mRNA	1354	MANE_Select	true
ENSG00000136522_ENST00000476781.6_CDS	ENSG00000136522	ENST00000476781.6	CDS	753	MANE_Select	true
ENSG00000136522_ENST00000476781.6_5UTR	ENSG00000136522	ENST00000476781.6	5UTR	14	MANE_Select	true
ENSG00000136522_ENST00000476781.6_3UTR	ENSG00000136522	ENST00000476781.6	3UTR	587	MANE_Select	true
ENSG00000136522_ENST00000476781.6_start_codon_region	ENSG00000136522	ENST00000476781.6	start_codon_region	47	MANE_Select	true
ENSG00000136522_ENST00000476781.6_stop_codon_region	ENSG00000136522	ENST00000476781.6	stop_codon_region	63	MANE_Select	true
ENSG00000136522_ENST00000476781.6_tail_region	ENSG00000136522	ENST00000476781.6	tail_region	100	MANE_Select	true
ENSG00000136522_ENST00000476781.6_UTR_pair	ENSG00000136522	ENST00000476781.6	UTR_pair	608	MANE_Select	true
ENSG00000213139_ENST00000307944.6_mRNA	ENSG00000213139	ENST00000307944.6	mRNA	844	MANE_Select	false
ENSG00000213139_ENST00000307944.6_CDS	ENSG00000213139	ENST00000307944.6	CDS	537	MANE_Select	false
ENSG00000213139_ENST00000307944.6_5UTR	ENSG00000213139	ENST00000307944.6	5UTR	54	MANE_Select	false
ENSG00000213139_ENST00000307944.6_3UTR	ENSG00000213139	ENST00000307944.6	3UTR	253	MANE_Select	false
ENSG00000213139_ENST00000307944.6_start_codon_region	ENSG00000213139	ENST00000307944.6	start_codon_region	63	MANE_Select	false
ENSG00000213139_ENST00000307944.6_stop_codon_region	ENSG00000213139	ENST00000307944.6	stop_codon_region	63	MANE_Select	false
ENSG00000213139_ENST00000307944.6_tail_region	ENSG00000213139	ENST00000307944.6	tail_region	100	MANE_Select	false
ENSG00000213139_ENST00000307944.6_UTR_pair	ENSG00000213139	ENST00000307944.6	UTR_pair	314	MANE_Select	false
ENSG00000164363_ENST00000324642.4_mRNA	ENSG00000164363	ENST00000324642.4	mRNA	2095	MANE_Select	false
ENSG00000164363_ENST00000324642.4_CDS	ENSG00000164363	ENST00000324642.4	CDS	1887	MANE_Select	false
ENSG00000164363_ENST00000324642.4_5UTR	ENSG00000164363	ENST00000324642.4	5UTR	97	MANE_Select	false
ENSG00000164363_ENST00000324642.4_3UTR	ENSG00000164363	ENST00000324642.4	3UTR	111	MANE_Select	false
ENSG00000164363_ENST00000324642.4_start_codon_region	ENSG00000164363	ENST00000324642.4	start_codon_region	63	MANE_Select	false
ENSG00000164363_ENST00000324642.4_stop_codon_region	ENSG00000164363	ENST00000324642.4	stop_codon_region	63	MANE_Select	false
ENSG00000164363_ENST00000324642.4_tail_region	ENSG00000164363	ENST00000324642.4	tail_region	100	MANE_Select	false
ENSG00000164363_ENST00000324642.4_UTR_pair	ENSG00000164363	ENST00000324642.4	UTR_pair	215	MANE_Select	false
ENSG00000152422_ENST00000396027.9_mRNA	ENSG00000152422	ENST00000396027.9	mRNA	1602	MANE_Select	false
ENSG00000152422_ENST00000396027.9_CDS	ENSG00000152422	ENST00000396027.9	CDS	1005	MANE_Select	false
ENSG00000152422_ENST00000396027.9_5UTR	ENSG00000152422	ENST00000396027.9	5UTR	79	MANE_Select	false
ENSG00000152422_ENST00000396027.9_3UTR	ENSG00000152422	ENST00000396027.9	3UTR	518	MANE_Select	false
ENSG00000152422_ENST00000396027.9_start_codon_region	ENSG00000152422	ENST00000396027.9	start_codon_region	63	MANE_Select	false
ENSG00000152422_ENST00000396027.9_stop_codon_region	ENSG00000152422	ENST00000396027.9	stop_codon_region	63	MANE_Select	false
ENSG00000152422_ENST00000396027.9_tail_region	ENSG00000152422	ENST00000396027.9	tail_region	100	MANE_Select	false
ENSG00000152422_ENST00000396027.9_UTR_pair	ENSG00000152422	ENST00000396027.9	UTR_pair	604	MANE_Select	false
ENSG00000152705_ENST00000282611.8_mRNA	ENSG00000152705	ENST00000282611.8	mRNA	1355	MANE_Select	false
ENSG00000152705_ENST00000282611.8_CDS	ENSG00000152705	ENST00000282611.8	CDS	1197	MANE_Select	false
ENSG00000152705_ENST00000282611.8_5UTR	ENSG00000152705	ENST00000282611.8	5UTR	85	MANE_Select	false
ENSG00000152705_ENST00000282611.8_3UTR	ENSG00000152705	ENST00000282611.8	3UTR	73	MANE_Select	false
ENSG00000152705_ENST00000282611.8_start_codon_region	ENSG00000152705	ENST00000282611.8	start_codon_region	63	MANE_Select	false
ENSG00000152705_ENST00000282611.8_stop_codon_region	ENSG00000152705	ENST00000282611.8	stop_codon_region	63	MANE_Select	false
ENSG00000152705_ENST00000282611.8_tail_region	ENSG00000152705	ENST00000282611.8	tail_region	100	MANE_Select	false
ENSG00000152705_ENST00000282611.8_UTR_pair	ENSG00000152705	ENST00000282611.8	UTR_pair	165	MANE_Select	false
ENSG00000171720_ENST00000305264.8_mRNA	ENSG00000171720	ENST00000305264.8	mRNA	1933	MANE_Select	false
ENSG00000171720_ENST00000305264.8_CDS	ENSG00000171720	ENST00000305264.8	CDS	1287	MANE_Select	false
ENSG00000171720_ENST00000305264.8_5UTR	ENSG00000171720	ENST00000305264.8	5UTR	59	MANE_Select	false
ENSG00000171720_ENST00000305264.8_3UTR	ENSG00000171720	ENST00000305264.8	3UTR	587	MANE_Select	false
ENSG00000171720_ENST00000305264.8_start_codon_region	ENSG00000171720	ENST00000305264.8	start_codon_region	63	MANE_Select	false
ENSG00000171720_ENST00000305264.8_stop_codon_region	ENSG00000171720	ENST00000305264.8	stop_codon_region	63	MANE_Select	false
ENSG00000171720_ENST00000305264.8_tail_region	ENSG00000171720	ENST00000305264.8	tail_region	100	MANE_Select	false
ENSG00000171720_ENST00000305264.8_UTR_pair	ENSG00000171720	ENST00000305264.8	UTR_pair	653	MANE_Select	false
ENSG00000241106_ENST00000438763.7_mRNA	ENSG00000241106	ENST00000438763.7	mRNA	1326	MANE_Select	false
ENSG00000241106_ENST00000438763.7_CDS	ENSG00000241106	ENST00000438763.7	CDS	822	MANE_Select	false
ENSG00000241106_ENST00000438763.7_5UTR	ENSG00000241106	ENST00000438763.7	5UTR	51	MANE_Select	false
ENSG00000241106_ENST00000438763.7_3UTR	ENSG00000241106	ENST00000438763.7	3UTR	453	MANE_Select	false
ENSG00000241106_ENST00000438763.7_start_codon_region	ENSG00000241106	ENST00000438763.7	start_codon_region	63	MANE_Select	false
ENSG00000241106_ENST00000438763.7_stop_codon_region	ENSG00000241106	ENST00000438763.7	stop_codon_region	63	MANE_Select	false
ENSG00000241106_ENST00000438763.7_tail_region	ENSG00000241106	ENST00000438763.7	tail_region	100	MANE_Select	false
ENSG00000241106_ENST00000438763.7_UTR_pair	ENSG00000241106	ENST00000438763.7	UTR_pair	511	MANE_Select	false
ENSG00000124659_ENST00000372876.2_mRNA	ENSG00000124659	ENST00000372876.2	mRNA	1606	MANE_Select	false
ENSG00000124659_ENST00000372876.2_CDS	ENSG00000124659	ENST00000372876.2	CDS	1041	MANE_Select	false
ENSG00000124659_ENST00000372876.2_5UTR	ENSG00000124659	ENST00000372876.2	5UTR	30	MANE_Select	false
ENSG00000124659_ENST00000372876.2_3UTR	ENSG00000124659	ENST00000372876.2	3UTR	535	MANE_Select	false
ENSG00000124659_ENST00000372876.2_start_codon_region	ENSG00000124659	ENST00000372876.2	start_codon_region	63	MANE_Select	false
ENSG00000124659_ENST00000372876.2_stop_codon_region	ENSG00000124659	ENST00000372876.2	stop_codon_region	63	MANE_Select	false
ENSG00000124659_ENST00000372876.2_tail_region	ENSG00000124659	ENST00000372876.2	tail_region	100	MANE_Select	false
ENSG00000124659_ENST00000372876.2_UTR_pair	ENSG00000124659	ENST00000372876.2	UTR_pair	572	MANE_Select	false
ENSG00000112742_ENST00000369798.7_mRNA	ENSG00000112742	ENST00000369798.7	mRNA	2966	MANE_Select	false
ENSG00000112742_ENST00000369798.7_CDS	ENSG00000112742	ENST00000369798.7	CDS	2574	MANE_Select	false
ENSG00000112742_ENST00000369798.7_5UTR	ENSG00000112742	ENST00000369798.7	5UTR	67	MANE_Select	false
ENSG00000112742_ENST00000369798.7_3UTR	ENSG00000112742	ENST00000369798.7	3UTR	325	MANE_Select	false
ENSG00000112742_ENST00000369798.7_start_codon_region	ENSG00000112742	ENST00000369798.7	start_codon_region	63	MANE_Select	false
ENSG00000112742_ENST00000369798.7_stop_codon_region	ENSG00000112742	ENST00000369798.7	stop_codon_region	63	MANE_Select	false
ENSG00000112742_ENST00000369798.7_tail_region	ENSG00000112742	ENST00000369798.7	tail_region	100	MANE_Select	false
ENSG00000112742_ENST00000369798.7_UTR_pair	ENSG00000112742	ENST00000369798.7	UTR_pair	399	MANE_Select	false
ENSG00000112303_ENST00000326499.11_mRNA	ENSG00000112303	ENST00000326499.11	mRNA	2014	MANE_Select	true
ENSG00000112303_ENST00000326499.11_CDS	ENSG00000112303	ENST00000326499.11	CDS	1563	MANE_Select	true
ENSG00000112303_ENST00000326499.11_5UTR	ENSG00000112303	ENST00000326499.11	5UTR	21	MANE_Select	true
ENSG00000112303_ENST00000326499.11_3UTR	ENSG00000112303	ENST00000326499.11	3UTR	430	MANE_Select	true
ENSG00000112303_ENST00000326499.11_start_codon_region	ENSG00000112303	ENST00000326499.11	start_codon_region	54	MANE_Select	true
ENSG00000112303_ENST00000326499.11_stop_codon_region	ENSG00000112303	ENST00000326499.11	stop_codon_region	63	MANE_Select	true
ENSG00000112303_ENST00000326499.11_tail_region	ENSG00000112303	ENST00000326499.11	tail_region	100	MANE_Select	true
ENSG00000112303_ENST00000326499.11_UTR_pair	ENSG00000112303	ENST00000326499.11	UTR_pair	458	MANE_Select	true
ENSG00000188732_ENST00000344962.9_mRNA	ENSG00000188732	ENST00000344962.9	mRNA	1403	MANE_Select	true
ENSG00000188732_ENST00000344962.9_CDS	ENSG00000188732	ENST00000344962.9	CDS	897	MANE_Select	true
ENSG00000188732_ENST00000344962.9_5UTR	ENSG00000188732	ENST00000344962.9	5UTR	20	MANE_Select	true
ENSG00000188732_ENST00000344962.9_3UTR	ENSG00000188732	ENST00000344962.9	3UTR	486	MANE_Select	true
ENSG00000188732_ENST00000344962.9_start_codon_region	ENSG00000188732	ENST00000344962.9	start_codon_region	53	MANE_Select	true
ENSG00000188732_ENST00000344962.9_stop_codon_region	ENSG00000188732	ENST00000344962.9	stop_codon_region	63	MANE_Select	true
ENSG00000188732_ENST00000344962.9_tail_region	ENSG00000188732	ENST00000344962.9	tail_region	100	MANE_Select	true
ENSG00000188732_ENST00000344962.9_UTR_pair	ENSG00000188732	ENST00000344962.9	UTR_pair	513	MANE_Select	true
ENSG00000164897_ENST00000297533.9_mRNA	ENSG00000164897	ENST00000297533.9	mRNA	1295	MANE_Select	false
ENSG00000164897_ENST00000297533.9_CDS	ENSG00000164897	ENST00000297533.9	CDS	741	MANE_Select	false
ENSG00000164897_ENST00000297533.9_5UTR	ENSG00000164897	ENST00000297533.9	5UTR	90	MANE_Select	false
ENSG00000164897_ENST00000297533.9_3UTR	ENSG00000164897	ENST00000297533.9	3UTR	464	MANE_Select	false
ENSG00000164897_ENST00000297533.9_start_codon_region	ENSG00000164897	ENST00000297533.9	start_codon_region	63	MANE_Select	false
ENSG00000164897_ENST00000297533.9_stop_codon_region	ENSG00000164897	ENST00000297533.9	stop_codon_region	63	MANE_Select	false
ENSG00000164897_ENST00000297533.9_tail_region	ENSG00000164897	ENST00000297533.9	tail_region	100	MANE_Select	false
ENSG00000164897_ENST00000297533.9_UTR_pair	ENSG00000164897	ENST00000297533.9	UTR_pair	561	MANE_Select	false
ENSG00000147586_ENST00000276585.9_mRNA	ENSG00000147586	ENST00000276585.9	mRNA	838	MANE_Select	true
ENSG00000147586_ENST00000276585.9_CDS	ENSG00000147586	ENST00000276585.9	CDS	564	MANE_Select	true
ENSG00000147586_ENST00000276585.9_5UTR	ENSG00000147586	ENST00000276585.9	5UTR	11	MANE_Select	true
ENSG00000147586_ENST00000276585.9_3UTR	ENSG00000147586	ENST00000276585.9	3UTR	263	MANE_Select	true
ENSG00000147586_ENST00000276585.9_start_codon_region	ENSG00000147586	ENST00000276585.9	start_codon_region	44	MANE_Select	true
ENSG00000147586_ENST00000276585.9_stop_codon_region	ENSG00000147586	ENST00000276585.9	stop_codon_region	63	MANE_Select	true
ENSG00000147586_ENST00000276585.9_tail_region	ENSG00000147586	ENST00000276585.9	tail_region	100	MANE_Select	true
ENSG00000147586_ENST00000276585.9_UTR_pair	ENSG00000147586	ENST00000276585.9	UTR_pair	281	MANE_Select	true
ENSG00000214954_ENST00000448384.3_mRNA	ENSG00000214954	ENST00000448384.3	mRNA	1344	MANE_Select	false
ENSG00000214954_ENST00000448384.3_CDS	ENSG00000214954	ENST00000448384.3	CDS	1044	MANE_Select	false
ENSG00000214954_ENST00000448384.3_5UTR	ENSG00000214954	ENST00000448384.3	5UTR	43	MANE_Select	false
ENSG00000214954_ENST00000448384.3_3UTR	ENSG00000214954	ENST00000448384.3	3UTR	257	MANE_Select	false
ENSG00000214954_ENST00000448384.3_start_codon_region	ENSG00000214954	ENST00000448384.3	start_codon_region	63	MANE_Select	false
ENSG00000214954_ENST00000448384.3_stop_codon_region	ENSG00000214954	ENST00000448384.3	stop_codon_region	63	MANE_Select	false
ENSG00000214954_ENST00000448384.3_tail_region	ENSG00000214954	ENST00000448384.3	tail_region	100	MANE_Select	false
ENSG00000214954_ENST00000448384.3_UTR_pair	ENSG00000214954	ENST00000448384.3	UTR_pair	307	MANE_Select	false
ENSG00000135046_ENST00000257497.11_mRNA	ENSG00000135046	ENST00000257497.11	mRNA	1401	MANE_Select	false
ENSG00000135046_ENST00000257497.11_CDS	ENSG00000135046	ENST00000257497.11	CDS	1041	MANE_Select	false
ENSG00000135046_ENST00000257497.11_5UTR	ENSG00000135046	ENST00000257497.11	5UTR	74	MANE_Select	false
ENSG00000135046_ENST00000257497.11_3UTR	ENSG00000135046	ENST00000257497.11	3UTR	286	MANE_Select	false
ENSG00000135046_ENST00000257497.11_start_codon_region	ENSG00000135046	ENST00000257497.11	start_codon_region	63	MANE_Select	false
ENSG00000135046_ENST00000257497.11_stop_codon_region	ENSG00000135046	ENST00000257497.11	stop_codon_region	63	MANE_Select	false
ENSG00000135046_ENST00000257497.11_tail_region	ENSG00000135046	ENST00000257497.11	tail_region	100	MANE_Select	false
ENSG00000135046_ENST00000257497.11_UTR_pair	ENSG00000135046	ENST00000257497.11	UTR_pair	367	MANE_Select	false
ENSG00000176248_ENST00000323927.3_mRNA	ENSG00000176248	ENST00000323927.3	mRNA	2655	MANE_Select	true
ENSG00000176248_ENST00000323927.3_CDS	ENSG00000176248	ENST00000323927.3	CDS	2469	MANE_Select	true
ENSG00000176248_ENST00000323927.3_5UTR	ENSG00000176248	ENST00000323927.3	5UTR	28	MANE_Select	true
ENSG00000176248_ENST00000323927.3_3UTR	ENSG00000176248	ENST00000323927.3	3UTR	158	MANE_Select	true
ENSG00000176248_ENST00000323927.3_start_codon_region	ENSG00000176248	ENST00000323927.3	start_codon_region	61	MANE_Select	true
ENSG00000176248_ENST00000323927.3_stop_codon_region	ENSG00000176248	ENST00000323927.3	stop_codon_region	63	MANE_Select	true
ENSG00000176248_ENST00000323927.3_tail_region	ENSG00000176248	ENST00000323927.3	tail_region	100	MANE_Select	true
ENSG00000176248_ENST00000323927.3_UTR_pair	ENSG00000176248	ENST00000323927.3	UTR_pair	193	MANE_Select	true
ENSG00000196139_ENST00000380554.5_mRNA	ENSG00000196139	ENST00000380554.5	mRNA	1186	MANE_Select	false
ENSG00000196139_ENST00000380554.5_CDS	ENSG00000196139	ENST00000380554.5	CDS	972	MANE_Select	false
ENSG00000196139_ENST00000380554.5_5UTR	ENSG00000196139	ENST00000380554.5	5UTR	31	MANE_Select	false
ENSG00000196139_ENST00000380554.5_3UTR	ENSG00000196139	ENST00000380554.5	3UTR	183	MANE_Select	false
ENSG00000196139_ENST00000380554.5_start_codon_region	ENSG00000196139	ENST00000380554.5	start_codon_region	63	MANE_Select	false
ENSG00000196139_ENST00000380554.5_stop_codon_region	ENSG00000196139	ENST00000380554.5	stop_codon_region	63	MANE_Select	false
ENSG00000196139_ENST00000380554.5_tail_region	ENSG00000196139	ENST00000380554.5	tail_region	100	MANE_Select	false
ENSG00000196139_ENST00000380554.5_UTR_pair	ENSG00000196139	ENST00000380554.5	UTR_pair	221	MANE_Select	false
ENSG00000187522_ENST00000378372.8_mRNA	ENSG00000187522	ENST00000378372.8	mRNA	1762	MANE_Select	false
ENSG00000187522_ENST00000378372.8_CDS	ENSG00000187522	ENST00000378372.8	CDS	1530	MANE_Select	false
ENSG00000187522_ENST00000378372.8_5UTR	ENSG00000187522	ENST00000378372.8	5UTR	97	MANE_Select	false
ENSG00000187522_ENST00000378372.8_3UTR	ENSG00000187522	ENST00000378372.8	3UTR	135	MANE_Select	false
ENSG00000187522_ENST00000378372.8_start_codon_region	ENSG00000187522	ENST00000378372.8	start_codon_region	63	MANE_Select	false
ENSG00000187522_ENST00000378372.8_stop_codon_region	ENSG00000187522	ENST00000378372.8	stop_codon_region	63	MANE_Select	false
ENSG00000187522_ENST00000378372.8_tail_region	ENSG00000187522	ENST00000378372.8	tail_region	100	MANE_Select	false
ENSG00000187522_ENST00000378372.8_UTR_pair	ENSG00000187522	ENST00000378372.8	UTR_pair	239	MANE_Select	false
ENSG00000166136_ENST00000299166.9_mRNA	ENSG00000166136	ENST00000299166.9	mRNA	678	MANE_Select	true
ENSG00000166136_ENST00000299166.9_CDS	ENSG00000166136	ENST00000299166.9	CDS	561	MANE_Select	true
ENSG00000166136_ENST00000299166.9_5UTR	ENSG00000166136	ENST00000299166.9	5UTR	20	MANE_Select	true
ENSG00000166136_ENST00000299166.9_3UTR	ENSG00000166136	ENST00000299166.9	3UTR	97	MANE_Select	true
ENSG00000166136_ENST00000299166.9_start_codon_region	ENSG00000166136	ENST00000299166.9	start_codon_region	53	MANE_Select	true
ENSG00000166136_ENST00000299166.9_stop_codon_region	ENSG00000166136	ENST00000299166.9	stop_codon_region	63	MANE_Select	true
ENSG00000166136_ENST00000299166.9_tail_region	ENSG00000166136	ENST00000299166.9	tail_region	100	MANE_Select	true
ENSG00000166136_ENST00000299166.9_UTR_pair	ENSG00000166136	ENST00000299166.9	UTR_pair	124	MANE_Select	true
ENSG00000214026_ENST00000397298.8_mRNA	ENSG00000214026	ENST00000397298.8	mRNA	673	MANE_Select	false
ENSG00000214026_ENST00000397298.8_CDS	ENSG00000214026	ENST00000397298.8	CDS	462	MANE_Select	false
ENSG00000214026_ENST00000397298.8_5UTR	ENSG00000214026	ENST00000397298.8	5UTR	31	MANE_Select	false
ENSG00000214026_ENST00000397298.8_3UTR	ENSG00000214026	ENST00000397298.8	3UTR	180	MANE_Select	false
ENSG00000214026_ENST00000397298.8_start_codon_region	ENSG00000214026	ENST00000397298.8	start_codon_region	63	MANE_Select	false
ENSG00000214026_ENST00000397298.8_stop_codon_region	ENSG00000214026	ENST00000397298.8	stop_codon_region	63	MANE_Select	false
ENSG00000214026_ENST00000397298.8_tail_region	ENSG00000214026	ENST00000397298.8	tail_region	100	MANE_Select	false
ENSG00000214026_ENST00000397298.8_UTR_pair	ENSG00000214026	ENST00000397298.8	UTR_pair	218	MANE_Select	false
ENSG00000121690_ENST00000241051.8_mRNA	ENSG00000121690	ENST00000241051.8	mRNA	1741	MANE_Select	false
ENSG00000121690_ENST00000241051.8_CDS	ENSG00000121690	ENST00000241051.8	CDS	1536	MANE_Select	false
ENSG00000121690_ENST00000241051.8_5UTR	ENSG00000121690	ENST00000241051.8	5UTR	78	MANE_Select	false
ENSG00000121690_ENST00000241051.8_3UTR	ENSG00000121690	ENST00000241051.8	3UTR	127	MANE_Select	false
ENSG00000121690_ENST00000241051.8_start_codon_region	ENSG00000121690	ENST00000241051.8	start_codon_region	63	MANE_Select	false
ENSG00000121690_ENST00000241051.8_stop_codon_region	ENSG00000121690	ENST00000241051.8	stop_codon_region	63	MANE_Select	false
ENSG00000121690_ENST00000241051.8_tail_region	ENSG00000121690	ENST00000241051.8	tail_region	100	MANE_Select	false
ENSG00000121690_ENST00000241051.8_UTR_pair	ENSG00000121690	ENST00000241051.8	UTR_pair	212	MANE_Select	false
ENSG00000213619_ENST00000263774.9_mRNA	ENSG00000213619	ENST00000263774.9	mRNA	894	MANE_Select	true
ENSG00000213619_ENST00000263774.9_CDS	ENSG00000213619	ENST00000263774.9	CDS	795	MANE_Select	true
ENSG00000213619_ENST00000263774.9_5UTR	ENSG00000213619	ENST00000263774.9	5UTR	18	MANE_Select	true
ENSG00000213619_ENST00000263774.9_3UTR	ENSG00000213619	ENST00000263774.9	3UTR	81	MANE_Select	true
ENSG00000213619_ENST00000263774.9_start_codon_region	ENSG00000213619	ENST00000263774.9	start_codon_region	51	MANE_Select	true
ENSG00000213619_ENST00000263774.9_stop_codon_region	ENSG00000213619	ENST00000263774.9	stop_codon_region	63	MANE_Select	true
ENSG00000213619_ENST00000263774.9_tail_region	ENSG00000213619	ENST00000263774.9	tail_region	100	MANE_Select	true
ENSG00000213619_ENST00000263774.9_UTR_pair	ENSG00000213619	ENST00000263774.9	UTR_pair	106	MANE_Select	true
ENSG00000149541_ENST00000265471.10_mRNA	ENSG00000149541	ENST00000265471.10	mRNA	1452	MANE_Select	false
ENSG00000149541_ENST00000265471.10_CDS	ENSG00000149541	ENST00000265471.10	CDS	1008	MANE_Select	false
ENSG00000149541_ENST00000265471.10_5UTR	ENSG00000149541	ENST00000265471.10	5UTR	39	MANE_Select	false
ENSG00000149541_ENST00000265471.10_3UTR	ENSG00000149541	ENST00000265471.10	3UTR	405	MANE_Select	false
ENSG00000149541_ENST00000265471.10_start_codon_region	ENSG00000149541	ENST00000265471.10	start_codon_region	63	MANE_Select	false
ENSG00000149541_ENST00000265471.10_stop_codon_region	ENSG00000149541	ENST00000265471.10	stop_codon_region	63	MANE_Select	false
ENSG00000149541_ENST00000265471.10_tail_region	ENSG00000149541	ENST00000265471.10	tail_region	100	MANE_Select	false
ENSG00000149541_ENST00000265471.10_UTR_pair	ENSG00000149541	ENST00000265471.10	UTR_pair	451	MANE_Select	false
ENSG00000150773_ENST00000280350.10_mRNA	ENSG00000150773	ENST00000280350.10	mRNA	1090	MANE_Select	false
ENSG00000150773_ENST00000280350.10_CDS	ENSG00000150773	ENST00000280350.10	CDS	948	MANE_Select	false
ENSG00000150773_ENST00000280350.10_5UTR	ENSG00000150773	ENST00000280350.10	5UTR	69	MANE_Select	false
ENSG00000150773_ENST00000280350.10_3UTR	ENSG00000150773	ENST00000280350.10	3UTR	73	MANE_Select	false
ENSG00000150773_ENST00000280350.10_start_codon_region	ENSG00000150773	ENST00000280350.10	start_codon_region	63	MANE_Select	false
ENSG00000150773_ENST00000280350.10_stop_codon_region	ENSG00000150773	ENST00000280350.10	stop_codon_region	63	MANE_Select	false
ENSG00000150773_ENST00000280350.10_tail_region	ENSG00000150773	ENST00000280350.10	tail_region	100	MANE_Select	false
ENSG00000150773_ENST00000280350.10_UTR_pair	ENSG00000150773	ENST00000280350.10	UTR_pair	149	MANE_Select	false
ENSG00000183395_ENST00000329406.5_mRNA	ENSG00000183395	ENST00000329406.5	mRNA	754	MANE_Select	false
ENSG00000183395_ENST00000329406.5_CDS	ENSG00000183395	ENST00000329406.5	CDS	498	MANE_Select	false
ENSG00000183395_ENST00000329406.5_5UTR	ENSG00000183395	ENST00000329406.5	5UTR	63	MANE_Select	false
ENSG00000183395_ENST00000329406.5_3UTR	ENSG00000183395	ENST00000329406.5	3UTR	193	MANE_Select	false
ENSG00000183395_ENST00000329406.5_start_codon_region	ENSG00000183395	ENST00000329406.5	start_codon_region	63	MANE_Select	false
ENSG00000183395_ENST00000329406.5_stop_codon_region	ENSG00000183395	ENST00000329406.5	stop_codon_region	63	MANE_Select	false
ENSG00000183395_ENST00000329406.5_tail_region	ENSG00000183395	ENST00000329406.5	tail_region	100	MANE_Select	false
ENSG00000183395_ENST00000329406.5_UTR_pair	ENSG00000183395	ENST00000329406.5	UTR_pair	263	MANE_Select	false
ENSG00000111775_ENST00000229379.3_mRNA	ENSG00000111775	ENST00000229379.3	mRNA	537	MANE_Select	true
ENSG00000111775_ENST00000229379.3_CDS	ENSG00000111775	ENST00000229379.3	CDS	330	MANE_Select	true
ENSG00000111775_ENST00000229379.3_5UTR	ENSG00000111775	ENST00000229379.3	5UTR	14	MANE_Select	true
ENSG00000111775_ENST00000229379.3_3UTR	ENSG00000111775	ENST00000229379.3	3UTR	193	MANE_Select	true
ENSG00000111775_ENST00000229379.3_start_codon_region	ENSG00000111775	ENST00000229379.3	start_codon_region	47	MANE_Select	true
ENSG00000111775_ENST00000229379.3_stop_codon_region	ENSG00000111775	ENST00000229379.3	stop_codon_region	63	MANE_Select	true
ENSG00000111775_ENST00000229379.3_tail_region	ENSG00000111775	ENST00000229379.3	tail_region	100	MANE_Select	true
ENSG00000111775_ENST00000229379.3_UTR_pair	ENSG00000111775	ENST00000229379.3	UTR_pair	214	MANE_Select	true
ENSG00000166477_ENST00000299601.10_mRNA	ENSG00000166477	ENST00000299601.10	mRNA	2165	MANE_Select	false
ENSG00000166477_ENST00000299601.10_CDS	ENSG00000166477	ENST00000299601.10	CDS	2001	MANE_Select	false
ENSG00000166477_ENST00000299601.10_5UTR	ENSG00000166477	ENST00000299601.10	5UTR	33	MANE_Select	false
ENSG00000166477_ENST00000299601.10_3UTR	ENSG00000166477	ENST00000299601.10	3UTR	131	MANE_Select	false
ENSG00000166477_ENST00000299601.10_start_codon_region	ENSG00000166477	ENST00000299601.10	start_codon_region	63	MANE_Select	false
ENSG00000166477_ENST00000299601.10_stop_codon_region	ENSG00000166477	ENST00000299601.10	stop_codon_region	63	MANE_Select	false
ENSG00000166477_ENST00000299601.10_tail_region	ENSG00000166477	ENST00000299601.10	tail_region	100	MANE_Select	false
ENSG00000166477_ENST00000299601.10_UTR_pair	ENSG00000166477	ENST00000299601.10	UTR_pair	171	MANE_Select	false
ENSG00000242173_ENST00000219409.8_mRNA	ENSG00000242173	ENST00000219409.8	mRNA	964	MANE_Select	false
ENSG00000242173_ENST00000219409.8_CDS	ENSG00000242173	ENST00000219409.8	CDS	678	MANE_Select	false
ENSG00000242173_ENST00000219409.8_5UTR	ENSG00000242173	ENST00000219409.8	5UTR	90	MANE_Select	false
ENSG00000242173_ENST00000219409.8_3UTR	ENSG00000242173	ENST00000219409.8	3UTR	196	MANE_Select	false
ENSG00000242173_ENST00000219409.8_start_codon_region	ENSG00000242173	ENST00000219409.8	start_codon_region	63	MANE_Select	false
ENSG00000242173_ENST00000219409.8_stop_codon_region	ENSG00000242173	ENST00000219409.8	stop_codon_region	63	MANE_Select	false
ENSG00000242173_ENST00000219409.8_tail_region	ENSG00000242173	ENST00000219409.8	tail_region	100	MANE_Select	false
ENSG00000242173_ENST00000219409.8_UTR_pair	ENSG00000242173	ENST00000219409.8	UTR_pair	293	MANE_Select	false
ENSG00000140682_ENST00000394863.8_mRNA	ENSG00000140682	ENST00000394863.8	mRNA	1805	MANE_Select	false
ENSG00000140682_ENST00000394863.8_CDS	ENSG00000140682	ENST00000394863.8	CDS	1386	MANE_Select	false
ENSG00000140682_ENST00000394863.8_5UTR	ENSG00000140682	ENST00000394863.8	5UTR	37	MANE_Select	false
ENSG00000140682_ENST00000394863.8_3UTR	ENSG00000140682	ENST00000394863.8	3UTR	382	MANE_Select	false
ENSG00000140682_ENST00000394863.8_start_codon_region	ENSG00000140682	ENST00000394863.8	start_codon_region	63	MANE_Select	false
ENSG00000140682_ENST00000394863.8_stop_codon_region	ENSG00000140682	ENST00000394863.8	stop_codon_region	63	MANE_Select	false
ENSG00000140682_ENST00000394863.8_tail_region	ENSG00000140682	ENST00000394863.8	tail_region	100	MANE_Select	false
ENSG00000140682_ENST00000394863.8_UTR_pair	ENSG00000140682	ENST00000394863.8	UTR_pair	426	MANE_Select	false
ENSG00000102981_ENST00000458121.7_mRNA	ENSG00000102981	ENST00000458121.7	mRNA	1244	MANE_Select	false
ENSG00000102981_ENST00000458121.7_CDS	ENSG00000102981	ENST00000458121.7	CDS	1038	MANE_Select	false
ENSG00000102981_ENST00000458121.7_5UTR	ENSG00000102981	ENST00000458121.7	5UTR	79	MANE_Select	false
ENSG00000102981_ENST00000458121.7_3UTR	ENSG00000102981	ENST00000458121.7	3UTR	127	MANE_Select	false
ENSG00000102981_ENST00000458121.7_start_codon_region	ENSG00000102981	ENST00000458121.7	start_codon_region	63	MANE_Select	false
ENSG00000102981_ENST00000458121.7_stop_codon_region	ENSG00000102981	ENST00000458121.7	stop_codon_region	63	MANE_Select	false
ENSG00000102981_ENST00000458121.7_tail_region	ENSG00000102981	ENST00000458121.7	tail_region	100	MANE_Select	false
ENSG00000102981_ENST00000458121.7_UTR_pair	ENSG00000102981	ENST00000458121.7	UTR_pair	213	MANE_Select	false
ENSG00000205544_ENST00000302422.4_mRNA	ENSG00000205544	ENST00000302422.4	mRNA	446	MANE_Select	true
ENSG00000205544_ENST00000302422.4_CDS	ENSG00000205544	ENST00000302422.4	CDS	342	MANE_Select	true
ENSG00000205544_ENST00000302422.4_5UTR	ENSG00000205544	ENST00000302422.4	5UTR	13	MANE_Select	true
ENSG00000205544_ENST00000302422.4_3UTR	ENSG00000205544	ENST00000302422.4	3UTR	91	MANE_Select	true
ENSG00000205544_ENST00000302422.4_start_codon_region	ENSG00000205544	ENST00000302422.4	start_codon_region	46	MANE_Select	true
ENSG00000205544_ENST00000302422.4_stop_codon_region	ENSG00000205544	ENST00000302422.4	stop_codon_region	63	MANE_Select	true
ENSG00000205544_ENST00000302422.4_tail_region	ENSG00000205544	ENST00000302422.4	tail_region	100	MANE_Select	true
ENSG00000205544_ENST00000302422.4_UTR_pair	ENSG00000205544	ENST00000302422.4	UTR_pair	111	MANE_Select	true
ENSG00000161960_ENST00000293831.13_mRNA	ENSG00000161960	ENST00000293831.13	mRNA	1758	MANE_Select	true
ENSG00000161960_ENST00000293831.13_CDS	ENSG00000161960	ENST00000293831.13	CDS	1221	MANE_Select	true
ENSG00000161960_ENST00000293831.13_5UTR	ENSG00000161960	ENST00000293831.13	5UTR	17	MANE_Select	true
ENSG00000161960_ENST00000293831.13_3UTR	ENSG00000161960	ENST00000293831.13	3UTR	520	MANE_Select	true
ENSG00000161960_ENST00000293831.13_start_codon_region	ENSG00000161960	ENST00000293831.13	start_codon_region	50	MANE_Select	true
ENSG00000161960_ENST00000293831.13_stop_codon_region	ENSG00000161960	ENST00000293831.13	stop_codon_region	63	MANE_Select	true
ENSG00000161960_ENST00000293831.13_tail_region	ENSG00000161960	ENST00000293831.13	tail_region	100	MANE_Select	true
ENSG00000161960_ENST00000293831.13_UTR_pair	ENSG00000161960	ENST00000293831.13	UTR_pair	544	MANE_Select	true
ENSG00000240505_ENST00000261652.7_mRNA	ENSG00000240505	ENST00000261652.7	mRNA	1391	MANE_Select	false
ENSG00000240505_ENST00000261652.7_CDS	ENSG00000240505	ENST00000261652.7	CDS	882	MANE_Select	false
ENSG00000240505_ENST00000261652.7_5UTR	ENSG00000240505	ENST00000261652.7	5UTR	43	MANE_Select	false
ENSG00000240505_ENST00000261652.7_3UTR	ENSG00000240505	ENST00000261652.7	3UTR	466	MANE_Select	false
ENSG00000240505_ENST00000261652.7_start_codon_region	ENSG00000240505	ENST00000261652.7	start_codon_region	63	MANE_Select	false
ENSG00000240505_ENST00000261652.7_stop_codon_region	ENSG00000240505	ENST00000261652.7	stop_codon_region	63	MANE_Select	false
ENSG00000240505_ENST00000261652.7_tail_region	ENSG00000240505	ENST00000261652.7	tail_region	100	MANE_Select	false
ENSG00000240505_ENST00000261652.7_UTR_pair	ENSG00000240505	ENST00000261652.7	UTR_pair	516	MANE_Select	false
ENSG00000198242_ENST00000422514.7_mRNA	ENSG00000198242	ENST00000422514.7	mRNA	970	MANE_Select	true
ENSG00000198242_ENST00000422514.7_CDS	ENSG00000198242	ENST00000422514.7	CDS	471	MANE_Select	true
ENSG00000198242_ENST00000422514.7_5UTR	ENSG00000198242	ENST00000422514.7	5UTR	21	MANE_Select	true
ENSG00000198242_ENST00000422514.7_3UTR	ENSG00000198242	ENST00000422514.7	3UTR	478	MANE_Select	true
ENSG00000198242_ENST00000422514.7_start_codon_region	ENSG00000198242	ENST00000422514.7	start_codon_region	54	MANE_Select	true
ENSG00000198242_ENST00000422514.7_stop_codon_region	ENSG00000198242	ENST00000422514.7	stop_codon_region	63	MANE_Select	true
ENSG00000198242_ENST00000422514.7_tail_region	ENSG00000198242	ENST00000422514.7	tail_region	100	MANE_Select	true
ENSG00000198242_ENST00000422514.7_UTR_pair	ENSG00000198242	ENST00000422514.7	UTR_pair	506	MANE_Select	true
ENSG00000132141_ENST00000314144.10_mRNA	ENSG00000132141	ENST00000314144.10	mRNA	1847	MANE_Select	false
ENSG00000132141_ENST00000314144.10_CDS	ENSG00000132141	ENST00000314144.10	CDS	1593	MANE_Select	false
ENSG00000132141_ENST00000314144.10_5UTR	ENSG00000132141	ENST00000314144.10	5UTR	67	MANE_Select	false
ENSG00000132141_ENST00000314144.10_3UTR	ENSG00000132141	ENST00000314144.10	3UTR	187	MANE_Select	false
ENSG00000132141_ENST00000314144.10_start_codon_region	ENSG00000132141	ENST00000314144.10	start_codon_region	63	MANE_Select	false
ENSG00000132141_ENST00000314144.10_stop_codon_region	ENSG00000132141	ENST00000314144.10	stop_codon_region	63	MANE_Select	false
ENSG00000132141_ENST00000314144.10_tail_region	ENSG00000132141	ENST00000314144.10	tail_region	100	MANE_Select	false
ENSG00000132141_ENST00000314144.10_UTR_pair	ENSG00000132141	ENST00000314144.10	UTR_pair	261	MANE_Select	false
ENSG00000182173_ENST00000333213.11_mRNA	ENSG00000182173	ENST00000333213.11	mRNA	1937	MANE_Select	false
ENSG00000182173_ENST00000333213.11_CDS	ENSG00000182173	ENST00000333213.11	CDS	1581	MANE_Select	false
ENSG00000182173_ENST00000333213.11_5UTR	ENSG00000182173	ENST00000333213.11	5UTR	33	MANE_Select	false
ENSG00000182173_ENST00000333213.11_3UTR	ENSG00000182173	ENST00000333213.11	3UTR	323	MANE_Select	false
ENSG00000182173_ENST00000333213.11_start_codon_region	ENSG00000182173	ENST00000333213.11	start_codon_region	63	MANE_Select	false
ENSG00000182173_ENST00000333213.11_stop_codon_region	ENSG00000182173	ENST00000333213.11	stop_codon_region	63	MANE_Select	false
ENSG00000182173_ENST00000333213.11_tail_region	ENSG00000182173	ENST00000333213.11	tail_region	100	MANE_Select	false
ENSG00000182173_ENST00000333213.11_UTR_pair	ENSG00000182173	ENST00000333213.11	UTR_pair	363	MANE_Select	false
ENSG00000167363_ENST00000300784.8_mRNA	ENSG00000167363	ENST00000300784.8	mRNA	1393	MANE_Select	true
ENSG00000167363_ENST00000300784.8_CDS	ENSG00000167363	ENST00000300784.8	CDS	930	MANE_Select	true
ENSG00000167363_ENST00000300784.8_5UTR	ENSG00000167363	ENST00000300784.8	5UTR	22	MANE_Select	true
ENSG00000167363_ENST00000300784.8_3UTR	ENSG00000167363	ENST00000300784.8	3UTR	441	MANE_Select	true
ENSG00000167363_ENST00000300784.8_start_codon_region	ENSG00000167363	ENST00000300784.8	start_codon_region	55	MANE_Select	true
ENSG00000167363_ENST00000300784.8_stop_codon_region	ENSG00000167363	ENST00000300784.8	stop_codon_region	63	MANE_Select	true
ENSG00000167363_ENST00000300784.8_tail_region	ENSG00000167363	ENST00000300784.8	tail_region	100	MANE_Select	true
ENSG00000167363_ENST00000300784.8_UTR_pair	ENSG00000167363	ENST00000300784.8	UTR_pair	470	MANE_Select	true
ENSG00000172232_ENST00000233997.4_mRNA	ENSG00000172232	ENST00000233997.4	mRNA	907	MANE_Select	true
ENSG00000172232_ENST00000233997.4_CDS	ENSG00000172232	ENST00000233997.4	CDS	756	MANE_Select	true
ENSG00000172232_ENST00000233997.4_5UTR	ENSG00000172232	ENST00000233997.4	5UTR	10	MANE_Select	true
ENSG00000172232_ENST00000233997.4_3UTR	ENSG00000172232	ENST00000233997.4	3UTR	141	MANE_Select	true
ENSG00000172232_ENST00000233997.4_start_codon_region	ENSG00000172232	ENST00000233997.4	start_codon_region	43	MANE_Select	true
ENSG00000172232_ENST00000233997.4_stop_codon_region	ENSG00000172232	ENST00000233997.4	stop_codon_region	63	MANE_Select	true
ENSG00000172232_ENST00000233997.4_tail_region	ENSG00000172232	ENST00000233997.4	tail_region	100	MANE_Select	true
ENSG00000172232_ENST00000233997.4_UTR_pair	ENSG00000172232	ENST00000233997.4	UTR_pair	158	MANE_Select	true
ENSG00000115286_ENST00000233627.14_mRNA	ENSG00000115286	ENST00000233627.14	mRNA	758	MANE_Select	true
ENSG00000115286_ENST00000233627.14_CDS	ENSG00000115286	ENST00000233627.14	CDS	642	MANE_Select	true
ENSG00000115286_ENST00000233627.14_5UTR	ENSG00000115286	ENST00000233627.14	5UTR	20	MANE_Select	true
ENSG00000115286_ENST00000233627.14_3UTR	ENSG00000115286	ENST00000233627.14	3UTR	96	MANE_Select	true
ENSG00000115286_ENST00000233627.14_start_codon_region	ENSG00000115286	ENST00000233627.14	start_codon_region	53	MANE_Select	true
ENSG00000115286_ENST00000233627.14_stop_codon_region	ENSG00000115286	ENST00000233627.14	stop_codon_region	63	MANE_Select	true
ENSG00000115286_ENST00000233627.14_tail_region	ENSG00000115286	ENST00000233627.14	tail_region	100	MANE_Select	true
ENSG00000115286_ENST00000233627.14_UTR_pair	ENSG00000115286	ENST00000233627.14	UTR_pair	123	MANE_Select	true
ENSG00000167476_ENST00000300961.10_mRNA	ENSG00000167476	ENST00000300961.10	mRNA	1138	MANE_Select	false
ENSG00000167476_ENST00000300961.10_CDS	ENSG00000167476	ENST00000300961.10	CDS	996	MANE_Select	false
ENSG00000167476_ENST00000300961.10_5UTR	ENSG00000167476	ENST00000300961.10	5UTR	65	MANE_Select	false
ENSG00000167476_ENST00000300961.10_3UTR	ENSG00000167476	ENST00000300961.10	3UTR	77	MANE_Select	false
ENSG00000167476_ENST00000300961.10_start_codon_region	ENSG00000167476	ENST00000300961.10	start_codon_region	63	MANE_Select	false
ENSG00000167476_ENST00000300961.10_stop_codon_region	ENSG00000167476	ENST00000300961.10	stop_codon_region	63	MANE_Select	false
ENSG00000167476_ENST00000300961.10_tail_region	ENSG00000167476	ENST00000300961.10	tail_region	100	MANE_Select	false
ENSG00000167476_ENST00000300961.10_UTR_pair	ENSG00000167476	ENST00000300961.10	UTR_pair	149	MANE_Select	false
ENSG00000161082_ENST00000292672.7_mRNA	ENSG00000161082	ENST00000292672.7	mRNA	1896	MANE_Select	false
ENSG00000161082_ENST00000292672.7_CDS	ENSG00000161082	ENST00000292672.7	CDS	1458	MANE_Select	false
ENSG00000161082_ENST00000292672.7_5UTR	ENSG00000161082	ENST00000292672.7	5UTR	79	MANE_Select	false
ENSG00000161082_ENST00000292672.7_3UTR	ENSG00000161082	ENST00000292672.7	3UTR	359	MANE_Select	false
ENSG00000161082_ENST00000292672.7_start_codon_region	ENSG00000161082	ENST00000292672.7	start_codon_region	63	MANE_Select	false
ENSG00000161082_ENST00000292672.7_stop_codon_region	ENSG00000161082	ENST00000292672.7	stop_codon_region	63	MANE_Select	false
ENSG00000161082_ENST00000292672.7_tail_region	ENSG00000161082	ENST00000292672.7	tail_region	100	MANE_Select	false
ENSG00000161082_ENST00000292672.7_UTR_pair	ENSG00000161082	ENST00000292672.7	UTR_pair	445	MANE_Select	false
ENSG00000130158_ENST00000294618.12_mRNA	ENSG00000130158	ENST00000294618.12	mRNA	6430	MANE_Select	false
ENSG00000130158_ENST00000294618.12_CDS	ENSG00000130158	ENST00000294618.12	CDS	6144	MANE_Select	false
ENSG00000130158_ENST00000294618.12_5UTR	ENSG00000130158	ENST00000294618.12	5UTR	84	MANE_Select	false
ENSG00000130158_ENST00000294618.12_3UTR	ENSG00000130158	ENST00000294618.12	3UTR	202	MANE_Select	false
ENSG00000130158_ENST00000294618.12_start_codon_region	ENSG00000130158	ENST00000294618.12	start_codon_region	63	MANE_Select	false
ENSG00000130158_ENST00000294618.12_stop_codon_region	ENSG00000130158	ENST00000294618.12	stop_codon_region	63	MANE_Select	false
ENSG00000130158_ENST00000294618.12_tail_region	ENSG00000130158	ENST00000294618.12	tail_region	100	MANE_Select	false
ENSG00000130158_ENST00000294618.12_UTR_pair	ENSG00000130158	ENST00000294618.12	UTR_pair	293	MANE_Select	false
ENSG00000160410_ENST00000291842.10_mRNA	ENSG00000160410	ENST00000291842.10	mRNA	2341	MANE_Select	true
ENSG00000160410_ENST00000291842.10_CDS	ENSG00000160410	ENST00000291842.10	CDS	2124	MANE_Select	true
ENSG00000160410_ENST00000291842.10_5UTR	ENSG00000160410	ENST00000291842.10	5UTR	27	MANE_Select	true
ENSG00000160410_ENST00000291842.10_3UTR	ENSG00000160410	ENST00000291842.10	3UTR	190	MANE_Select	true
ENSG00000160410_ENST00000291842.10_start_codon_region	ENSG00000160410	ENST00000291842.10	start_codon_region	60	MANE_Select	true
ENSG00000160410_ENST00000291842.10_stop_codon_region	ENSG00000160410	ENST00000291842.10	stop_codon_region	63	MANE_Select	true
ENSG00000160410_ENST00000291842.10_tail_region	ENSG00000160410	ENST00000291842.10	tail_region	100	MANE_Select	true
ENSG00000160410_ENST00000291842.10_UTR_pair	ENSG00000160410	ENST00000291842.10	UTR_pair	224	MANE_Select	true
ENSG00000142227_ENST00000270221.11_mRNA	ENSG00000142227	ENST00000270221.11	mRNA	649	MANE_Select	false
ENSG00000142227_ENST00000270221.11_CDS	ENSG00000142227	ENST00000270221.11	CDS	492	MANE_Select	false
ENSG00000142227_ENST00000270221.11_5UTR	ENSG00000142227	ENST00000270221.11	5UTR	74	MANE_Select	false
ENSG00000142227_ENST00000270221.11_3UTR	ENSG00000142227	ENST00000270221.11	3UTR	83	MANE_Select	false
ENSG00000142227_ENST00000270221.11_start_codon_region	ENSG00000142227	ENST00000270221.11	start_codon_region	63	MANE_Select	false
ENSG00000142227_ENST00000270221.11_stop_codon_region	ENSG00000142227	ENST00000270221.11	stop_codon_region	63	MANE_Select	false
ENSG00000142227_ENST00000270221.11_tail_region	ENSG00000142227	ENST00000270221.11	tail_region	100	MANE_Select	false
ENSG00000142227_ENST00000270221.11_UTR_pair	ENSG00000142227	ENST00000270221.11	UTR_pair	164	MANE_Select	false
ENSG00000087088_ENST00000345358.12_mRNA	ENSG00000087088	ENST00000345358.12	mRNA	795	MANE_Select	false
ENSG00000087088_ENST00000345358.12_CDS	ENSG00000087088	ENST00000345358.12	CDS	579	MANE_Select	false
ENSG00000087088_ENST00000345358.12_5UTR	ENSG00000087088	ENST00000345358.12	5UTR	54	MANE_Select	false
ENSG00000087088_ENST00000345358.12_3UTR	ENSG00000087088	ENST00000345358.12	3UTR	162	MANE_Select	false
ENSG00000087088_ENST00000345358.12_start_codon_region	ENSG00000087088	ENST00000345358.12	start_codon_region	63	MANE_Select	false
ENSG00000087088_ENST00000345358.12_stop_codon_region	ENSG00000087088	ENST00000345358.12	stop_codon_region	63	MANE_Select	false
ENSG00000087088_ENST00000345358.12_tail_region	ENSG00000087088	ENST00000345358.12	tail_region	100	MANE_Select	false
ENSG00000087088_ENST00000345358.12_UTR_pair	ENSG00000087088	ENST00000345358.12	UTR_pair	223	MANE_Select	false
ENSG00000125968_ENST00000376112.4_mRNA	ENSG00000125968	ENST00000376112.4	mRNA	983	MANE_Select	false
ENSG00000125968_ENST00000376112.4_CDS	ENSG00000125968	ENST00000376112.4	CDS	468	MANE_Select	false
ENSG00000125968_ENST00000376112.4_5UTR	ENSG00000125968	ENST00000376112.4	5UTR	99	MANE_Select	false
ENSG00000125968_ENST00000376112.4_3UTR	ENSG00000125968	ENST00000376112.4	3UTR	416	MANE_Select	false
ENSG00000125968_ENST00000376112.4_start_codon_region	ENSG00000125968	ENST00000376112.4	start_codon_region	63	MANE_Select	false
ENSG00000125968_ENST00000376112.4_stop_codon_region	ENSG00000125968	ENST00000376112.4	stop_codon_region	63	MANE_Select	false
ENSG00000125968_ENST00000376112.4_tail_region	ENSG00000125968	ENST00000376112.4	tail_region	100	MANE_Select	false
ENSG00000125968_ENST00000376112.4_UTR_pair	ENSG00000125968	ENST00000376112.4	UTR_pair	522	MANE_Select	false
ENSG00000101210_ENST00000217182.6_mRNA	ENSG00000101210	ENST00000217182.6	mRNA	1773	MANE_Select	false
ENSG00000101210_ENST00000217182.6_CDS	ENSG00000101210	ENST00000217182.6	CDS	1392	MANE_Select	false
ENSG00000101210_ENST00000217182.6_5UTR	ENSG00000101210	ENST00000217182.6	5UTR	97	MANE_Select	false
ENSG00000101210_ENST00000217182.6_3UTR	ENSG00000101210	ENST00000217182.6	3UTR	284	MANE_Select	false
ENSG00000101210_ENST00000217182.6_start_codon_region	ENSG00000101210	ENST00000217182.6	start_codon_region	63	MANE_Select	false
ENSG00000101210_ENST00000217182.6_stop_codon_region	ENSG00000101210	ENST00000217182.6	stop_codon_region	63	MANE_Select	false
ENSG00000101210_ENST00000217182.6_tail_region	ENSG00000101210	ENST00000217182.6	tail_region	100	MANE_Select	false
ENSG00000101210_ENST00000217182.6_UTR_pair	ENSG00000101210	ENST00000217182.6	UTR_pair	388	MANE_Select	false
ENSG00000142173_ENST00000300527.9_mRNA	ENSG00000142173	ENST00000300527.9	mRNA	3445	MANE_Select	false
ENSG00000142173_ENST00000300527.9_CDS	ENSG00000142173	ENST00000300527.9	CDS	3060	MANE_Select	false
ENSG00000142173_ENST00000300527.9_5UTR	ENSG00000142173	ENST00000300527.9	5UTR	89	MANE_Select	false
ENSG00000142173_ENST00000300527.9_3UTR	ENSG00000142173	ENST00000300527.9	3UTR	296	MANE_Select	false
ENSG00000142173_ENST00000300527.9_start_codon_region	ENSG00000142173	ENST00000300527.9	start_codon_region	63	MANE_Select	false
ENSG00000142173_ENST00000300527.9_stop_codon_region	ENSG00000142173	ENST00000300527.9	stop_codon_region	63	MANE_Select	false
ENSG00000142173_ENST00000300527.9_tail_region	ENSG00000142173	ENST00000300527.9	tail_region	100	MANE_Select	false
ENSG00000142173_ENST00000300527.9_UTR_pair	ENSG00000142173	ENST00000300527.9	UTR_pair	392	MANE_Select	false
ENSG00000128228_ENST00000248958.5_mRNA	ENSG00000128228	ENST00000248958.5	mRNA	825	MANE_Select	false
ENSG00000128228_ENST00000248958.5_CDS	ENSG00000128228	ENST00000248958.5	CDS	666	MANE_Select	false
ENSG00000128228_ENST00000248958.5_5UTR	ENSG00000128228	ENST00000248958.5	5UTR	35	MANE_Select	false
ENSG00000128228_ENST00000248958.5_3UTR	ENSG00000128228	ENST00000248958.5	3UTR	124	MANE_Select	false
ENSG00000128228_ENST00000248958.5_start_codon_region	ENSG00000128228	ENST00000248958.5	start_codon_region	63	MANE_Select	false
ENSG00000128228_ENST00000248958.5_stop_codon_region	ENSG00000128228	ENST00000248958.5	stop_codon_region	63	MANE_Select	false
ENSG00000128228_ENST00000248958.5_tail_region	ENSG00000128228	ENST00000248958.5	tail_region	100	MANE_Select	false
ENSG00000128228_ENST00000248958.5_UTR_pair	ENSG00000128228	ENST00000248958.5	UTR_pair	166	MANE_Select	false
ENSG00000100412_ENST00000216254.9_mRNA	ENSG00000100412	ENST00000216254.9	mRNA	2734	MANE_Select	false
ENSG00000100412_ENST00000216254.9_CDS	ENSG00000100412	ENST00000216254.9	CDS	2343	MANE_Select	false
ENSG00000100412_ENST00000216254.9_5UTR	ENSG00000100412	ENST00000216254.9	5UTR	30	MANE_Select	false
ENSG00000100412_ENST00000216254.9_3UTR	ENSG00000100412	ENST00000216254.9	3UTR	361	MANE_Select	false
ENSG00000100412_ENST00000216254.9_start_codon_region	ENSG00000100412	ENST00000216254.9	start_codon_region	63	MANE_Select	false
ENSG00000100412_ENST00000216254.9_stop_codon_region	ENSG00000100412	ENST00000216254.9	stop_codon_region	63	MANE_Select	false
ENSG00000100412_ENST00000216254.9_tail_region	ENSG00000100412	ENST00000216254.9	tail_region	100	MANE_Select	false
ENSG00000100412_ENST00000216254.9_UTR_pair	ENSG00000100412	ENST00000216254.9	UTR_pair	398	MANE_Select	false
ENSG00000073169_ENST00000380903.7_mRNA	ENSG00000073169	ENST00000380903.7	mRNA	2283	MANE_Select	true
ENSG00000073169_ENST00000380903.7_CDS	ENSG00000073169	ENST00000380903.7	CDS	2010	MANE_Select	true
ENSG00000073169_ENST00000380903.7_5UTR	ENSG00000073169	ENST00000380903.7	5UTR	26	MANE_Select	true
ENSG00000073169_ENST00000380903.7_3UTR	ENSG00000073169	ENST00000380903.7	3UTR	247	MANE_Select	true
ENSG00000073169_ENST00000380903.7_start_codon_region	ENSG00000073169	ENST00000380903.7	start_codon_region	59	MANE_Select	true
ENSG00000073169_ENST00000380903.7_stop_codon_region	ENSG00000073169	ENST00000380903.7	stop_codon_region	63	MANE_Select	true
ENSG00000073169_ENST00000380903.7_tail_region	ENSG00000073169	ENST00000380903.7	tail_region	100	MANE_Select	true
ENSG00000073169_ENST00000380903.7_UTR_pair	ENSG00000073169	ENST00000380903.7	UTR_pair	280	MANE_Select	true
ENSG00000068394_ENST00000156109.7_mRNA	ENSG00000068394	ENST00000156109.7	mRNA	1658	MANE_Select	true
ENSG00000068394_ENST00000156109.7_CDS	ENSG00000068394	ENST00000156109.7	CDS	1431	MANE_Select	true
ENSG00000068394_ENST00000156109.7_5UTR	ENSG00000068394	ENST00000156109.7	5UTR	13	MANE_Select	true
ENSG00000068394_ENST00000156109.7_3UTR	ENSG00000068394	ENST00000156109.7	3UTR	214	MANE_Select	true
ENSG00000068394_ENST00000156109.7_start_codon_region	ENSG00000068394	ENST00000156109.7	start_codon_region	46	MANE_Select	true
ENSG00000068394_ENST00000156109.7_stop_codon_region	ENSG00000068394	ENST00000156109.7	stop_codon_region	63	MANE_Select	true
ENSG00000068394_ENST00000156109.7_tail_region	ENSG00000068394	ENST00000156109.7	tail_region	100	MANE_Select	true
ENSG00000068394_ENST00000156109.7_UTR_pair	ENSG00000068394	ENST00000156109.7	UTR_pair	234	MANE_Select	true
ENSG00000147166_ENST00000373829.8_mRNA	ENSG00000147166	ENST00000373829.8	mRNA	1280	MANE_Select	false
ENSG00000147166_ENST00000373829.8_CDS	ENSG00000147166	ENST00000373829.8	CDS	1044	MANE_Select	false
ENSG00000147166_ENST00000373829.8_5UTR	ENSG00000147166	ENST00000373829.8	5UTR	57	MANE_Select	false
ENSG00000147166_ENST00000373829.8_3UTR	ENSG00000147166	ENST00000373829.8	3UTR	179	MANE_Select	false
ENSG00000147166_ENST00000373829.8_start_codon_region	ENSG00000147166	ENST00000373829.8	start_codon_region	63	MANE_Select	false
ENSG00000147166_ENST00000373829.8_stop_codon_region	ENSG00000147166	ENST00000373829.8	stop_codon_region	63	MANE_Select	false
ENSG00000147166_ENST00000373829.8_tail_region	ENSG00000147166	ENST00000373829.8	tail_region	100	MANE_Select	false
ENSG00000147166_ENST00000373829.8_UTR_pair	ENSG00000147166	ENST00000373829.8	UTR_pair	243	MANE_Select	false
